-- phpMyAdmin SQL Dump
-- version 4.0.10.18
-- https://www.phpmyadmin.net
--
-- Servidor: localhost:3306
-- Tiempo de generación: 31-08-2017 a las 22:30:38
-- Versión del servidor: 5.6.36-cll-lve
-- Versión de PHP: 5.6.30

SET SQL_MODE = "NO_AUTO_VALUE_ON_ZERO";
SET time_zone = "+00:00";


/*!40101 SET @OLD_CHARACTER_SET_CLIENT=@@CHARACTER_SET_CLIENT */;
/*!40101 SET @OLD_CHARACTER_SET_RESULTS=@@CHARACTER_SET_RESULTS */;
/*!40101 SET @OLD_COLLATION_CONNECTION=@@COLLATION_CONNECTION */;
/*!40101 SET NAMES utf8 */;

--
-- Base de datos: `TCAbd`
--

DELIMITER $$
--
-- Procedimientos
--
$$

DELIMITER ;

-- --------------------------------------------------------

--
-- Estructura de tabla para la tabla `acuerdotipo`
--

CREATE TABLE IF NOT EXISTS `acuerdotipo` (
  `id` int(11) NOT NULL AUTO_INCREMENT,
  `Tipo` longtext NOT NULL COMMENT 'Son todos los acuerdos que el SA realiza los siguientes acuerdos son:\nAdmite\nContestación\nRequiere\nDesecha\nIncompetencia\nPleitos y Alegatos\nTermino para Ampliación \nTurnar a Sentencia\nAudiencia de Pruebas y alegatos\nRequiriendo el cumplimiento de senten',
  `Descripción` varchar(45) DEFAULT NULL COMMENT 'Describe el ACUERDO',
  `Tiempo` int(11) DEFAULT NULL COMMENT 'Tiempo en el cual se deben acatar los acuerdos (expresados en Dias).',
  `nivels` int(11) DEFAULT NULL COMMENT '1: Usuarios externos e internos\n2: Solamente usuarios internos.',
  `status` int(11) DEFAULT NULL COMMENT '0:activo\n1:borrado',
  PRIMARY KEY (`id`),
  UNIQUE KEY `id_UNIQUE` (`id`)
) ENGINE=InnoDB  DEFAULT CHARSET=utf8 AUTO_INCREMENT=32 ;

--
-- Volcado de datos para la tabla `acuerdotipo`
--

INSERT INTO `acuerdotipo` (`id`, `Tipo`, `Descripción`, `Tiempo`, `nivels`, `status`) VALUES
(1, 'Admite', 'ARTÍCULO 32.- Admitida la demanda, se correr', NULL, 2, 0),
(2, 'Contestación', NULL, NULL, 2, 0),
(3, 'Requiere', NULL, NULL, 2, 0),
(4, 'Desecha', NULL, NULL, 2, 0),
(5, 'Incompetencia', NULL, NULL, 2, 0),
(6, 'Pruebas y Alegatos', NULL, NULL, 2, 0),
(7, 'Termino para Ampliación ', NULL, NULL, 2, 0),
(8, 'Turnar a Sentencia', NULL, NULL, 2, 0),
(9, 'Audiencia de Pruebas y alegatos', NULL, NULL, 2, 0),
(10, 'Requiriendo el cumplimiento de sentencia', NULL, NULL, 2, 0),
(11, 'Sentencia Cumplida', NULL, NULL, 2, 0),
(12, 'Otros', NULL, NULL, 2, 0),
(13, 'Promoción', NULL, NULL, 1, 0),
(14, 'Escritura Pública', NULL, NULL, 1, 0),
(15, 'Demanda	', NULL, NULL, 1, 0),
(16, 'Nombramiento	', NULL, NULL, 1, 0),
(17, 'Recibo de Nómina	', NULL, NULL, 1, 0),
(18, 'Resolución	', NULL, NULL, 1, 0),
(19, 'Boleta de Infracción	', NULL, NULL, 1, 0),
(20, 'Copia Certificada	', NULL, NULL, 1, 0),
(21, 'Expediente	', NULL, NULL, 1, 0),
(22, 'Constancia de Notificación	', NULL, NULL, 1, 0),
(23, 'Oficio	', NULL, NULL, 1, 0),
(24, 'Concesión	', NULL, NULL, 1, 0),
(25, 'Acuerdo	', NULL, NULL, 2, 0),
(26, 'Sentencia	', NULL, NULL, 1, 0),
(27, 'Comprobante de registro de Alta en el siste', NULL, NULL, 1, 0),
(28, 'Proyecto	', NULL, NULL, 2, 0),
(29, 'Poder para Pleitos y Cobranzas	', NULL, NULL, 1, 0),
(30, 'Amparo	', NULL, NULL, 2, 0),
(31, 'Acta de notificación', NULL, NULL, 1, 0);

-- --------------------------------------------------------

--
-- Estructura de tabla para la tabla `admision`
--

CREATE TABLE IF NOT EXISTS `admision` (
  `id` int(11) NOT NULL AUTO_INCREMENT COMMENT '\nidentifica la dupla en la tabla.',
  `id_exp` int(11) NOT NULL COMMENT 'id del expediente',
  `id_op` int(11) NOT NULL COMMENT 'id del operador es la persona que acepta la demanda en este caso puede ser el Secretario de Acuerdos o bien el Admon. del sistema.',
  `fecha` datetime DEFAULT NULL COMMENT 'fecha de admisión de demanda',
  `fechasis` timestamp NULL DEFAULT CURRENT_TIMESTAMP COMMENT 'fecha del sistema la cual marca el día y hora de aceptación y elaboración del expediente',
  `obs` longtext,
  `status` int(11) DEFAULT NULL COMMENT 'Borrado lógico\n0: activo\n1: borrado lógico',
  PRIMARY KEY (`id`),
  UNIQUE KEY `id_UNIQUE` (`id`),
  KEY `fk_admision_Expediente1_idx` (`id_exp`),
  KEY `fk_admision_Persona1_idx` (`id_op`)
) ENGINE=InnoDB  DEFAULT CHARSET=utf8 AUTO_INCREMENT=2 ;

--
-- Volcado de datos para la tabla `admision`
--

INSERT INTO `admision` (`id`, `id_exp`, `id_op`, `fecha`, `fechasis`, `obs`, `status`) VALUES
(1, 1, 3, '1970-01-01 00:00:00', '2017-08-31 22:46:09', 'Se admite la demanda...', 0);

-- --------------------------------------------------------

--
-- Estructura de tabla para la tabla `anexopdf`
--

CREATE TABLE IF NOT EXISTS `anexopdf` (
  `id` int(11) NOT NULL AUTO_INCREMENT COMMENT 'Control de tabla',
  `Folio` varchar(45) NOT NULL,
  `id_Tipo` int(11) NOT NULL COMMENT 'Tipo de anexo guardado',
  `id_Expediente` int(11) NOT NULL COMMENT 'Expediente',
  `FechaUp` timestamp NULL DEFAULT CURRENT_TIMESTAMP COMMENT 'Fecha de subida',
  `PathAnexo` varchar(50) NOT NULL COMMENT 'Directorio electrónico del documento',
  `NomFile` longtext NOT NULL COMMENT 'Nombre del documento asignado por el usuario',
  `NomFileSis` longtext COMMENT 'Nombre del documento otorgado por el sistema',
  `Status` int(11) NOT NULL COMMENT 'borrado lógico\n0: activo\n1: borrado',
  `StatusCrea` int(11) NOT NULL COMMENT 'Creado el documento a través del sistema\n0: Se subió directamente el oficio\n1: Se redacto una promoción',
  PRIMARY KEY (`id`)
) ENGINE=InnoDB  DEFAULT CHARSET=utf8 AUTO_INCREMENT=10 ;

--
-- Volcado de datos para la tabla `anexopdf`
--

INSERT INTO `anexopdf` (`id`, `Folio`, `id_Tipo`, `id_Expediente`, `FechaUp`, `PathAnexo`, `NomFile`, `NomFileSis`, `Status`, `StatusCrea`) VALUES
(1, '1_0', 15, 1, '2017-08-31 22:43:31', './Historico/1', 'demanda.pdf', 'null', 0, 0),
(2, '_1', 1, 1, '2017-08-31 22:46:09', './Historico/', 'Acuerdo.pdf', NULL, 0, 0),
(3, '_2', 31, 1, '2017-08-31 22:47:26', './Historico/', 'NotificaDemanda.pdf', NULL, 0, 0),
(4, '_3', 8, 1, '2017-08-31 22:49:37', './Historico/', 'turnar.pdf', NULL, 0, 0),
(5, '2_0', 15, 2, '2017-09-01 01:56:10', './Historico/2', 'demanda.pdf', 'null', 0, 0),
(6, '2_1', 14, 2, '2017-09-01 01:57:23', './Historico/2', 'promocion.pdf', NULL, 0, 0),
(7, '2_2', 4, 2, '2017-09-01 02:00:45', './Historico/2', 'Acuerdo.pdf', NULL, 0, 0),
(8, '2_3', 31, 2, '2017-09-01 02:03:03', './Historico/2', 'ActaNotificacion.pdf', NULL, 0, 0),
(9, '3_0', 15, 3, '2017-09-01 02:22:30', './Historico/3', 'demanda.pdf', 'null', 0, 0);

-- --------------------------------------------------------

--
-- Estructura de tabla para la tabla `ci_sessions`
--

CREATE TABLE IF NOT EXISTS `ci_sessions` (
  `id` varchar(128) NOT NULL,
  `ip_address` varchar(45) NOT NULL,
  `timestamp` int(10) unsigned NOT NULL DEFAULT '0',
  `data` blob NOT NULL,
  KEY `ci_sessions_timestamp` (`timestamp`)
) ENGINE=MyISAM DEFAULT CHARSET=latin1;

--
-- Volcado de datos para la tabla `ci_sessions`
--

INSERT INTO `ci_sessions` (`id`, `ip_address`, `timestamp`, `data`) VALUES
('58dd7088bb96c5a31b6e88e3b99e3fc5a51a4f7b', '189.229.116.196', 1503615326, 0x5f5f63695f6c6173745f726567656e65726174657c693a313530333631353238333b),
('ed51264086f80f2973ca35f1a690bef5fdc680df', '177.246.192.156', 1503615334, 0x5f5f63695f6c6173745f726567656e65726174657c693a313530333631353230363b506572736f6e615f69647c733a323a223130223b4e6f6d6272657c733a31363a224d41474953545241444f204e6f2e2031223b49645f726f6c7c733a313a2236223b526f6c7c733a31303a224d61676973747261646f223b6c6f67756561646f7c623a313b),
('70e1e57b1643f0ecdd5de717989c3bd652616b73', '177.246.192.156', 1503616767, 0x5f5f63695f6c6173745f726567656e65726174657c693a313530333631363539363b506572736f6e615f69647c733a313a2233223b4e6f6d6272657c733a32383a225345435245544152494f204445204143554552444f53204e6f2e2031223b49645f726f6c7c733a313a2233223b526f6c7c733a32323a225365637265746172696f206465204163756572646f73223b6c6f67756561646f7c623a313b),
('a20f4f14e711d1a5aa256d0cfedba325155fdea4', '177.246.192.156', 1503615092, 0x5f5f63695f6c6173745f726567656e65726174657c693a313530333631343830323b506572736f6e615f69647c733a313a2233223b4e6f6d6272657c733a32383a225345435245544152494f204445204143554552444f53204e6f2e2031223b49645f726f6c7c733a313a2233223b526f6c7c733a32323a225365637265746172696f206465204163756572646f73223b6c6f67756561646f7c623a313b),
('8a3800f50ef2838f33a412aaa5388b3ef41024d8', '189.229.116.196', 1503615200, 0x506572736f6e615f69647c733a313a2231223b4e6f6d6272657c733a32343a22416e746f6e696f204d6f72656e6f204ac3a1757265677569223b49645f726f6c7c733a313a2231223b526f6c7c733a31333a2241646d696e6973747261646f72223b6c6f67756561646f7c623a313b5f5f63695f6c6173745f726567656e65726174657c693a313530333631343931323b),
('f67b6940a1033c09f90792fa2cf9c806fbf9afa1', '189.229.116.196', 1503614792, 0x506572736f6e615f69647c733a313a2232223b4e6f6d6272657c733a32333a224f46494349414c20444520504152544553204e6f2e2031223b49645f726f6c7c733a313a2232223b526f6c7c733a31373a224f66696369616c20646520506172746573223b6c6f67756561646f7c623a313b5f5f63695f6c6173745f726567656e65726174657c693a313530333631343532383b),
('91ba212865ec8d4076418a75bb9fc67c42ed42c7', '189.229.116.196', 1503614367, 0x506572736f6e615f69647c733a313a2231223b4e6f6d6272657c733a32343a22416e746f6e696f204d6f72656e6f204ac3a1757265677569223b49645f726f6c7c733a313a2231223b526f6c7c733a31333a2241646d696e6973747261646f72223b6c6f67756561646f7c623a313b5f5f63695f6c6173745f726567656e65726174657c693a313530333631343134373b),
('bd459c1e7cd7fe6022f08aa9e701b3211548a4f0', '189.229.116.196', 1503613840, 0x506572736f6e615f69647c733a313a2231223b4e6f6d6272657c733a32343a22416e746f6e696f204d6f72656e6f204ac3a1757265677569223b49645f726f6c7c733a313a2231223b526f6c7c733a31333a2241646d696e6973747261646f72223b6c6f67756561646f7c623a313b5f5f63695f6c6173745f726567656e65726174657c693a313530333631333737353b),
('5003d356e663d1ff41b3d5972661860b50af7eb3', '177.246.192.156', 1503612979, 0x506572736f6e615f69647c733a313a2235223b4e6f6d6272657c733a31343a22414354554152494f204e6f2e2031223b49645f726f6c7c733a313a2235223b526f6c7c733a383a22416374756172696f223b6c6f67756561646f7c623a313b5f5f63695f6c6173745f726567656e65726174657c693a313530333631323937393b),
('96b56cec0022782eda82f5782ab44e760a4825a1', '189.229.116.196', 1503605359, 0x5f5f63695f6c6173745f726567656e65726174657c693a313530333630353334323b),
('625855c9e2d835a350c17227c2a90ce6596d586e', '189.229.116.196', 1503605149, 0x5f5f63695f6c6173745f726567656e65726174657c693a313530333630343935383b),
('2c6ee6c483e1827629018e123fc26e8c93e90671', '189.229.116.196', 1503604852, 0x5f5f63695f6c6173745f726567656e65726174657c693a313530333630343632323b),
('1597fc2979a8bc818593eadc384908cf641b07bb', '189.229.116.196', 1503604317, 0x5f5f63695f6c6173745f726567656e65726174657c693a313530333630343030323b),
('657595e49a52352a4c043f1493b72b42e02c5c6c', '189.229.116.196', 1503604319, 0x5f5f63695f6c6173745f726567656e65726174657c693a313530333630343331393b),
('872693109293c63a4e7449315d6d664f861be3bb', '189.229.116.196', 1503598425, 0x5f5f63695f6c6173745f726567656e65726174657c693a313530333539383132373b),
('1553f9c4f83f14479f40554ba750e251b2a78f52', '189.229.116.196', 1503598731, 0x5f5f63695f6c6173745f726567656e65726174657c693a313530333539383434373b),
('e26f3bf9070db1973a395188f96456ecb948fd65', '189.229.116.196', 1503598000, 0x5f5f63695f6c6173745f726567656e65726174657c693a313530333539373830383b),
('83f0cd5b4b3e0ef5292af76fad9cad53988dda7f', '189.229.116.196', 1503551399, 0x5f5f63695f6c6173745f726567656e65726174657c693a313530333535313339393b),
('dbdb273eb4932becf65b46fea2cde7f4ebb5fc3d', '189.229.116.196', 1503595884, 0x5f5f63695f6c6173745f726567656e65726174657c693a313530333539353834393b),
('ef4e38d88a95b5f71857a79e03b34eba64a172b8', '189.229.116.196', 1503597426, 0x5f5f63695f6c6173745f726567656e65726174657c693a313530333539373131363b),
('19ad06680dcfaf08a7a189509e1b8c924134a2da', '189.229.116.196', 1503597579, 0x5f5f63695f6c6173745f726567656e65726174657c693a313530333539373438323b),
('70f6569e85b8aad8065a8a17e663548a025d7b2b', '189.229.116.196', 1503550830, 0x5f5f63695f6c6173745f726567656e65726174657c693a313530333535303533343b506572736f6e615f69647c733a313a2232223b4e6f6d6272657c733a32333a224f46494349414c20444520504152544553204e6f2e2031223b49645f726f6c7c733a313a2232223b526f6c7c733a31373a224f66696369616c20646520506172746573223b6c6f67756561646f7c623a313b),
('7af83285dfcbd9fe76e2e00b01ea9f8bfae697ce', '189.229.116.196', 1503550001, 0x5f5f63695f6c6173745f726567656e65726174657c693a313530333534393739343b506572736f6e615f69647c733a313a2232223b4e6f6d6272657c733a32333a224f46494349414c20444520504152544553204e6f2e2031223b49645f726f6c7c733a313a2232223b526f6c7c733a31373a224f66696369616c20646520506172746573223b6c6f67756561646f7c623a313b),
('d792c9ee6553e0eb4aa728c23760b646788e2fe7', '189.229.116.196', 1503549783, 0x5f5f63695f6c6173745f726567656e65726174657c693a313530333534383639393b506572736f6e615f69647c733a313a2236223b4e6f6d6272657c733a31343a22414354554152494f204e6f2e2032223b49645f726f6c7c733a313a2235223b526f6c7c733a383a22416374756172696f223b6c6f67756561646f7c623a313b),
('e495b3a5435fd6cc7d1f54bb7daa7d8e6f89d136', '189.229.116.196', 1503548680, 0x5f5f63695f6c6173745f726567656e65726174657c693a313530333534383231343b506572736f6e615f69647c733a313a2236223b4e6f6d6272657c733a31343a22414354554152494f204e6f2e2032223b49645f726f6c7c733a313a2235223b526f6c7c733a383a22416374756172696f223b6c6f67756561646f7c623a313b),
('d419196bfe563c0d5e12b856d7a8b4c20c11973a', '189.229.116.196', 1503548178, 0x5f5f63695f6c6173745f726567656e65726174657c693a313530333534373730383b506572736f6e615f69647c733a313a2236223b4e6f6d6272657c733a31343a22414354554152494f204e6f2e2032223b49645f726f6c7c733a313a2235223b526f6c7c733a383a22416374756172696f223b6c6f67756561646f7c623a313b),
('2b229f56cad6366e33a37fa99621204e53f4be3a', '189.229.116.196', 1503546587, 0x5f5f63695f6c6173745f726567656e65726174657c693a313530333534353939333b506572736f6e615f69647c733a313a2236223b4e6f6d6272657c733a31343a22414354554152494f204e6f2e2032223b49645f726f6c7c733a313a2235223b526f6c7c733a383a22416374756172696f223b6c6f67756561646f7c623a313b),
('01d9fdbea6612211dfa06a52356ae743f94b7b5f', '189.229.116.196', 1503546609, 0x5f5f63695f6c6173745f726567656e65726174657c693a313530333534363630383b506572736f6e615f69647c733a313a2236223b4e6f6d6272657c733a31343a22414354554152494f204e6f2e2032223b49645f726f6c7c733a313a2235223b526f6c7c733a383a22416374756172696f223b6c6f67756561646f7c623a313b),
('60b036f4294a934e33ccf39a086144dc72f57860', '187.175.24.116', 1503529696, 0x5f5f63695f6c6173745f726567656e65726174657c693a313530333532393635343b506572736f6e615f69647c733a313a2236223b4e6f6d6272657c733a31343a22414354554152494f204e6f2e2032223b49645f726f6c7c733a313a2235223b526f6c7c733a383a22416374756172696f223b6c6f67756561646f7c623a313b),
('0dae65e6075e02667a4bdb3518d98e4ac3d40c57', '187.175.24.116', 1503529551, 0x5f5f63695f6c6173745f726567656e65726174657c693a313530333532393136373b506572736f6e615f69647c733a313a2236223b4e6f6d6272657c733a31343a22414354554152494f204e6f2e2032223b49645f726f6c7c733a313a2235223b526f6c7c733a383a22416374756172696f223b6c6f67756561646f7c623a313b),
('35c4f2bff393c17c70f2f49c6b77c1f23a89a394', '187.175.24.116', 1503528662, 0x5f5f63695f6c6173745f726567656e65726174657c693a313530333532383339363b506572736f6e615f69647c733a313a2236223b4e6f6d6272657c733a31343a22414354554152494f204e6f2e2032223b49645f726f6c7c733a313a2235223b526f6c7c733a383a22416374756172696f223b6c6f67756561646f7c623a313b6d736a7c733a3135323a223c64697620636c6173733d22616c65727420616c6572742d7375636365737322207374796c653d226d617267696e2d746f703a20323070783b223e0a090909092009203c7374726f6e673ee884a17869746f3c2f7374726f6e673e204c6f73206461746f7320667565726f6e20656e7669646f7320657869746f73616d656e746520616c20636f7272656f200a09090909093c2f6469763e223b5f5f63695f766172737c613a313a7b733a333a226d736a223b733a333a226f6c64223b7d),
('c5273e809df840e06e81a7eeaa772f2c73647817', '177.234.12.154', 1503528433, 0x5f5f63695f6c6173745f726567656e65726174657c693a313530333532383333363b506572736f6e615f69647c733a313a2235223b4e6f6d6272657c733a31343a22414354554152494f204e6f2e2031223b49645f726f6c7c733a313a2235223b526f6c7c733a383a22416374756172696f223b6c6f67756561646f7c623a313b),
('27e76604a0d99d4efc56fe260d0c6f67ff53ccb9', '187.175.24.116', 1503528381, 0x5f5f63695f6c6173745f726567656e65726174657c693a313530333532383038363b506572736f6e615f69647c733a313a2236223b4e6f6d6272657c733a31343a22414354554152494f204e6f2e2032223b49645f726f6c7c733a313a2235223b526f6c7c733a383a22416374756172696f223b6c6f67756561646f7c623a313b),
('8789682c88673e861c13900f1a02bba425675593', '177.234.12.154', 1503528020, 0x5f5f63695f6c6173745f726567656e65726174657c693a313530333532383032303b506572736f6e615f69647c733a313a2233223b4e6f6d6272657c733a32383a225345435245544152494f204445204143554552444f53204e6f2e2031223b49645f726f6c7c733a313a2233223b526f6c7c733a32323a225365637265746172696f206465204163756572646f73223b6c6f67756561646f7c623a313b),
('28615014655b36d6156f67a3313603ee529f5a35', '177.234.12.154', 1503528038, 0x5f5f63695f6c6173745f726567656e65726174657c693a313530333532383031303b506572736f6e615f69647c733a313a2235223b4e6f6d6272657c733a31343a22414354554152494f204e6f2e2031223b49645f726f6c7c733a313a2235223b526f6c7c733a383a22416374756172696f223b6c6f67756561646f7c623a313b),
('1cc985daf3797f65a70e9ed2a29a03f9638fd24f', '187.175.24.116', 1503528077, 0x5f5f63695f6c6173745f726567656e65726174657c693a313530333532373737353b506572736f6e615f69647c733a313a2236223b4e6f6d6272657c733a31343a22414354554152494f204e6f2e2032223b49645f726f6c7c733a313a2235223b526f6c7c733a383a22416374756172696f223b6c6f67756561646f7c623a313b),
('88f1a97ccbc812f6400722faf26087ce57e49262', '177.234.12.154', 1503527888, 0x5f5f63695f6c6173745f726567656e65726174657c693a313530333532373538343b506572736f6e615f69647c733a313a2233223b4e6f6d6272657c733a32383a225345435245544152494f204445204143554552444f53204e6f2e2031223b49645f726f6c7c733a313a2233223b526f6c7c733a32323a225365637265746172696f206465204163756572646f73223b6c6f67756561646f7c623a313b),
('0aa547d2131d6fb63472f0d3bf777f9892c9da2e', '187.175.24.116', 1503527461, 0x5f5f63695f6c6173745f726567656e65726174657c693a313530333532373336333b506572736f6e615f69647c733a313a2236223b4e6f6d6272657c733a31343a22414354554152494f204e6f2e2032223b49645f726f6c7c733a313a2235223b526f6c7c733a383a22416374756172696f223b6c6f67756561646f7c623a313b6d736a7c733a3135323a223c64697620636c6173733d22616c65727420616c6572742d7375636365737322207374796c653d226d617267696e2d746f703a20323070783b223e0a090909092009203c7374726f6e673ee884a17869746f3c2f7374726f6e673e204c6f73206461746f7320667565726f6e20656e7669646f7320657869746f73616d656e746520616c20636f7272656f200a09090909093c2f6469763e223b5f5f63695f766172737c613a313a7b733a333a226d736a223b733a333a226f6c64223b7d),
('21ec959f73cd94ed52aaec50130a8ec638c51b6d', '177.234.12.154', 1503527558, 0x5f5f63695f6c6173745f726567656e65726174657c693a313530333532373238333b506572736f6e615f69647c733a313a2233223b4e6f6d6272657c733a32383a225345435245544152494f204445204143554552444f53204e6f2e2031223b49645f726f6c7c733a313a2233223b526f6c7c733a32323a225365637265746172696f206465204163756572646f73223b6c6f67756561646f7c623a313b),
('f29e2ed64a98e78f2eca5a491f11ab012f465eb9', '177.234.12.154', 1503526968, 0x5f5f63695f6c6173745f726567656e65726174657c693a313530333532363734343b506572736f6e615f69647c733a313a2233223b4e6f6d6272657c733a32383a225345435245544152494f204445204143554552444f53204e6f2e2031223b49645f726f6c7c733a313a2233223b526f6c7c733a32323a225365637265746172696f206465204163756572646f73223b6c6f67756561646f7c623a313b),
('423e34646330081876929232b860aa7b58c4feec', '187.175.24.116', 1503526558, 0x5f5f63695f6c6173745f726567656e65726174657c693a313530333532363435383b506572736f6e615f69647c733a313a2236223b4e6f6d6272657c733a31343a22414354554152494f204e6f2e2032223b49645f726f6c7c733a313a2235223b526f6c7c733a383a22416374756172696f223b6c6f67756561646f7c623a313b6d736a7c733a3135323a223c64697620636c6173733d22616c65727420616c6572742d7375636365737322207374796c653d226d617267696e2d746f703a20323070783b223e0a090909092009203c7374726f6e673ee884a17869746f3c2f7374726f6e673e204c6f73206461746f7320667565726f6e20656e7669646f7320657869746f73616d656e746520616c20636f7272656f200a09090909093c2f6469763e223b5f5f63695f766172737c613a313a7b733a333a226d736a223b733a333a226f6c64223b7d),
('a4344a71d7bc7e5418507f10da2ff85c208bf0f1', '177.234.12.154', 1503526584, 0x5f5f63695f6c6173745f726567656e65726174657c693a313530333532363337373b506572736f6e615f69647c733a313a2233223b4e6f6d6272657c733a32383a225345435245544152494f204445204143554552444f53204e6f2e2031223b49645f726f6c7c733a313a2233223b526f6c7c733a32323a225365637265746172696f206465204163756572646f73223b6c6f67756561646f7c623a313b),
('1424dfe800da5b3e892f80afda5e6161d2083255', '189.229.76.80', 1503459063, 0x5f5f63695f6c6173745f726567656e65726174657c693a313530333435393032393b506572736f6e615f69647c733a313a2232223b4e6f6d6272657c733a32333a224f46494349414c20444520504152544553204e6f2e2031223b49645f726f6c7c733a313a2232223b526f6c7c733a31373a224f66696369616c20646520506172746573223b6c6f67756561646f7c623a313b),
('e9c856eaa4c25b88d4e74de1154f22c452646273', '177.246.192.156', 1503459929, 0x5f5f63695f6c6173745f726567656e65726174657c693a313530333435393932373b506572736f6e615f69647c733a313a2237223b4e6f6d6272657c733a31373a2250524f5945435449535441204e6f2e2031223b49645f726f6c7c733a313a2234223b526f6c7c733a31313a2250726f7965637469737461223b6c6f67756561646f7c623a313b),
('3f69071a9279fd3e6c1650dac656bafd046d5e76', '189.229.76.80', 1503457954, 0x5f5f63695f6c6173745f726567656e65726174657c693a313530333435373934383b6d736a7c733a3137323a223c64697620636c6173733d22616c65727420616c6572742d7375636365737322207374796c653d226d617267696e2d746f703a20323070783b223e0a090909092009203c7374726f6e673ec3897869746f3c2f7374726f6e673e204c6f73206461746f7320667565726f6e20656e7669646f7320657869746f73616d656e746520616c20636f7272656f20696e67616e746f6e6d6f7240676d61696c2e636f6d0a09090909093c2f6469763e223b5f5f63695f766172737c613a313a7b733a333a226d736a223b733a333a226f6c64223b7d),
('fc23d5bfb22e1a208651a5fb1049f9d6cdac9347', '177.246.192.156', 1503459925, 0x5f5f63695f6c6173745f726567656e65726174657c693a313530333435343239383b506572736f6e615f69647c733a313a2237223b4e6f6d6272657c733a31373a2250524f5945435449535441204e6f2e2031223b49645f726f6c7c733a313a2234223b526f6c7c733a31313a2250726f7965637469737461223b6c6f67756561646f7c623a313b),
('7f9f3edd122dd03101dba7a408cab25920adb8d1', '189.229.76.80', 1503457719, 0x5f5f63695f6c6173745f726567656e65726174657c693a313530333435373634373b6d736a7c733a3137323a223c64697620636c6173733d22616c65727420616c6572742d7375636365737322207374796c653d226d617267696e2d746f703a20323070783b223e0a090909092009203c7374726f6e673ec3897869746f3c2f7374726f6e673e204c6f73206461746f7320667565726f6e20656e7669646f7320657869746f73616d656e746520616c20636f7272656f20696e67616e746f6e6d6f7240676d61696c2e636f6d0a09090909093c2f6469763e223b5f5f63695f766172737c613a313a7b733a333a226d736a223b733a333a226f6c64223b7d),
('31f3360c8c126b089001269a324836e06ca086ed', '189.229.76.80', 1503461074, 0x5f5f63695f6c6173745f726567656e65726174657c693a313530333436303837333b506572736f6e615f69647c733a313a2231223b4e6f6d6272657c733a32343a22416e746f6e696f204d6f72656e6f204ac3a1757265677569223b49645f726f6c7c733a313a2231223b526f6c7c733a31333a2241646d696e6973747261646f72223b6c6f67756561646f7c623a313b),
('5e64e0921c1f8f7bf7c1799cd806528b743a98d5', '177.246.192.156', 1503460993, 0x5f5f63695f6c6173745f726567656e65726174657c693a313530333436303931363b506572736f6e615f69647c733a313a2237223b4e6f6d6272657c733a31373a2250524f5945435449535441204e6f2e2031223b49645f726f6c7c733a313a2234223b526f6c7c733a31313a2250726f7965637469737461223b6c6f67756561646f7c623a313b),
('6dda9dbdeb7b1aa290b7ca13032d562c965358bf', '189.229.76.80', 1503461462, 0x5f5f63695f6c6173745f726567656e65726174657c693a313530333436313139303b506572736f6e615f69647c733a313a2231223b4e6f6d6272657c733a32343a22416e746f6e696f204d6f72656e6f204ac3a1757265677569223b49645f726f6c7c733a313a2231223b526f6c7c733a31333a2241646d696e6973747261646f72223b6c6f67756561646f7c623a313b),
('a204c828a0d0fa9d375538606c2c9c217a934c1d', '177.246.192.156', 1503461497, 0x5f5f63695f6c6173745f726567656e65726174657c693a313530333436313335333b506572736f6e615f69647c733a313a2237223b4e6f6d6272657c733a31373a2250524f5945435449535441204e6f2e2031223b49645f726f6c7c733a313a2234223b526f6c7c733a31313a2250726f7965637469737461223b6c6f67756561646f7c623a313b),
('78350b8838d6d131071eda6676930bce6669a953', '177.234.12.154', 1503525627, 0x5f5f63695f6c6173745f726567656e65726174657c693a313530333532353334353b506572736f6e615f69647c733a313a2233223b4e6f6d6272657c733a32383a225345435245544152494f204445204143554552444f53204e6f2e2031223b49645f726f6c7c733a313a2233223b526f6c7c733a32323a225365637265746172696f206465204163756572646f73223b6c6f67756561646f7c623a313b),
('0c44cac6cb9ae4914da28ce05d5ed5b45d441114', '187.175.24.116', 1503525871, 0x5f5f63695f6c6173745f726567656e65726174657c693a313530333532353730353b506572736f6e615f69647c733a313a2236223b4e6f6d6272657c733a31343a22414354554152494f204e6f2e2032223b49645f726f6c7c733a313a2235223b526f6c7c733a383a22416374756172696f223b6c6f67756561646f7c623a313b),
('0ded6ed035d1ad4926a1e827324b87650d913b5e', '177.234.12.154', 1503526302, 0x5f5f63695f6c6173745f726567656e65726174657c693a313530333532363033303b506572736f6e615f69647c733a313a2233223b4e6f6d6272657c733a32383a225345435245544152494f204445204143554552444f53204e6f2e2031223b49645f726f6c7c733a313a2233223b526f6c7c733a32323a225365637265746172696f206465204163756572646f73223b6c6f67756561646f7c623a313b),
('8346b079c4434c61a028dc4ee4b972e6280774b6', '187.175.24.116', 1503526343, 0x5f5f63695f6c6173745f726567656e65726174657c693a313530333532363038363b506572736f6e615f69647c733a313a2236223b4e6f6d6272657c733a31343a22414354554152494f204e6f2e2032223b49645f726f6c7c733a313a2235223b526f6c7c733a383a22416374756172696f223b6c6f67756561646f7c623a313b6d736a7c733a3135323a223c64697620636c6173733d22616c65727420616c6572742d7375636365737322207374796c653d226d617267696e2d746f703a20323070783b223e0a090909092009203c7374726f6e673ee884a17869746f3c2f7374726f6e673e204c6f73206461746f7320667565726f6e20656e7669646f7320657869746f73616d656e746520616c20636f7272656f200a09090909093c2f6469763e223b5f5f63695f766172737c613a313a7b733a333a226d736a223b733a333a226f6c64223b7d),
('879494720560a65999441af9b6a5b3566d04c98e', '187.175.24.116', 1503524720, 0x5f5f63695f6c6173745f726567656e65726174657c693a313530333532343533393b),
('bec2895108045b411f03bc2120ef394a71198572', '177.234.12.154', 1503525045, 0x5f5f63695f6c6173745f726567656e65726174657c693a313530333532353031303b506572736f6e615f69647c733a313a2233223b4e6f6d6272657c733a32383a225345435245544152494f204445204143554552444f53204e6f2e2031223b49645f726f6c7c733a313a2233223b526f6c7c733a32323a225365637265746172696f206465204163756572646f73223b6c6f67756561646f7c623a313b),
('1bd9e40fde162014504d59f9c610075d0217e997', '177.234.12.154', 1503524704, 0x5f5f63695f6c6173745f726567656e65726174657c693a313530333532343730343b506572736f6e615f69647c733a313a2233223b4e6f6d6272657c733a32383a225345435245544152494f204445204143554552444f53204e6f2e2031223b49645f726f6c7c733a313a2233223b526f6c7c733a32323a225365637265746172696f206465204163756572646f73223b6c6f67756561646f7c623a313b),
('1b5e82b60263964a9774a4efb3f920b9eb574b9e', '177.234.12.154', 1503524163, 0x5f5f63695f6c6173745f726567656e65726174657c693a313530333532333935313b506572736f6e615f69647c733a313a2233223b4e6f6d6272657c733a32383a225345435245544152494f204445204143554552444f53204e6f2e2031223b49645f726f6c7c733a313a2233223b526f6c7c733a32323a225365637265746172696f206465204163756572646f73223b6c6f67756561646f7c623a313b),
('e06de523732202ce93120d801c0182de22072686', '177.234.12.154', 1503524557, 0x5f5f63695f6c6173745f726567656e65726174657c693a313530333532343238313b506572736f6e615f69647c733a313a2233223b4e6f6d6272657c733a32383a225345435245544152494f204445204143554552444f53204e6f2e2031223b49645f726f6c7c733a313a2233223b526f6c7c733a32323a225365637265746172696f206465204163756572646f73223b6c6f67756561646f7c623a313b),
('01d947752b9435e0afb1e27170e7fa227780f0e9', '177.234.12.154', 1503523703, 0x5f5f63695f6c6173745f726567656e65726174657c693a313530333532333432363b506572736f6e615f69647c733a313a2233223b4e6f6d6272657c733a32383a225345435245544152494f204445204143554552444f53204e6f2e2031223b49645f726f6c7c733a313a2233223b526f6c7c733a32323a225365637265746172696f206465204163756572646f73223b6c6f67756561646f7c623a313b),
('18bda6cc10ca56662b7f9682b76a6938a7fa65d3', '187.175.24.116', 1503523417, 0x5f5f63695f6c6173745f726567656e65726174657c693a313530333532333338393b506572736f6e615f69647c733a313a2236223b4e6f6d6272657c733a31343a22414354554152494f204e6f2e2032223b49645f726f6c7c733a313a2235223b526f6c7c733a383a22416374756172696f223b6c6f67756561646f7c623a313b),
('549f9cc9858d51b978008e5c3ff52f8483b6310b', '177.234.12.154', 1503523444, 0x5f5f63695f6c6173745f726567656e65726174657c693a313530333532333233353b506572736f6e615f69647c733a313a2233223b4e6f6d6272657c733a32383a225345435245544152494f204445204143554552444f53204e6f2e2031223b49645f726f6c7c733a313a2233223b526f6c7c733a32323a225365637265746172696f206465204163756572646f73223b6c6f67756561646f7c623a313b),
('014815da0468622c06ba9c45f26393a9d2e8187f', '177.234.12.154', 1503522845, 0x5f5f63695f6c6173745f726567656e65726174657c693a313530333532323832393b506572736f6e615f69647c733a313a2233223b4e6f6d6272657c733a32383a225345435245544152494f204445204143554552444f53204e6f2e2031223b49645f726f6c7c733a313a2233223b526f6c7c733a32323a225365637265746172696f206465204163756572646f73223b6c6f67756561646f7c623a313b),
('849153a1c31a4bbf0924e3af13d67927607c054b', '187.175.24.116', 1503523385, 0x5f5f63695f6c6173745f726567656e65726174657c693a313530333532333038373b506572736f6e615f69647c733a313a2236223b4e6f6d6272657c733a31343a22414354554152494f204e6f2e2032223b49645f726f6c7c733a313a2235223b526f6c7c733a383a22416374756172696f223b6c6f67756561646f7c623a313b),
('c2ac5110595243abca130c4dd85376e5a969e2fd', '187.175.24.116', 1503522915, 0x5f5f63695f6c6173745f726567656e65726174657c693a313530333532323733393b506572736f6e615f69647c733a313a2236223b4e6f6d6272657c733a31343a22414354554152494f204e6f2e2032223b49645f726f6c7c733a313a2235223b526f6c7c733a383a22416374756172696f223b6c6f67756561646f7c623a313b),
('38941fe39d4d0ff1204566b76db210207a949c3d', '189.229.86.216', 1503508679, 0x5f5f63695f6c6173745f726567656e65726174657c693a313530333530383637393b),
('38941fe39d4d0ff1204566b76db210207a949c3d', '187.175.24.116', 1503514213, 0x5f5f63695f6c6173745f726567656e65726174657c693a313530333531333934343b506572736f6e615f69647c733a313a2232223b4e6f6d6272657c733a32333a224f46494349414c20444520504152544553204e6f2e2031223b49645f726f6c7c733a313a2232223b526f6c7c733a31373a224f66696369616c20646520506172746573223b6c6f67756561646f7c623a313b),
('c54a7c444d2dc637f3e6abdc167a757166524081', '187.175.24.116', 1503514268, 0x5f5f63695f6c6173745f726567656e65726174657c693a313530333531343236383b),
('5ebb743ab13a410a30d7d0be3bc255df11d52482', '187.175.24.116', 1503515121, 0x5f5f63695f6c6173745f726567656e65726174657c693a313530333531343532333b),
('15231e06488bd6a086d26e15097125ab5c05631b', '187.175.24.116', 1503515280, 0x5f5f63695f6c6173745f726567656e65726174657c693a313530333531353132323b506572736f6e615f69647c733a313a2232223b4e6f6d6272657c733a32333a224f46494349414c20444520504152544553204e6f2e2031223b49645f726f6c7c733a313a2232223b526f6c7c733a31373a224f66696369616c20646520506172746573223b6c6f67756561646f7c623a313b),
('6c9373bb929b5219e90ea37a6c6ef5a3a0e2de43', '187.175.24.116', 1503516471, 0x5f5f63695f6c6173745f726567656e65726174657c693a313530333531363136383b506572736f6e615f69647c733a313a2237223b4e6f6d6272657c733a31373a2250524f5945435449535441204e6f2e2031223b49645f726f6c7c733a313a2234223b526f6c7c733a31313a2250726f7965637469737461223b6c6f67756561646f7c623a313b),
('fe8ddc7d1676723a99afcd64b9c3ba4fe0605b56', '187.175.24.116', 1503517321, 0x5f5f63695f6c6173745f726567656e65726174657c693a313530333531373034333b506572736f6e615f69647c733a313a2233223b4e6f6d6272657c733a32383a225345435245544152494f204445204143554552444f53204e6f2e2031223b49645f726f6c7c733a313a2233223b526f6c7c733a32323a225365637265746172696f206465204163756572646f73223b6c6f67756561646f7c623a313b),
('7b5c15d690ec96ef1370df70117ac49055cb0ad0', '187.175.24.116', 1503517847, 0x5f5f63695f6c6173745f726567656e65726174657c693a313530333531373834373b),
('03888c99394cb5e5aa9853297da7aab812c94f6a', '187.175.24.116', 1503521785, 0x5f5f63695f6c6173745f726567656e65726174657c693a313530333532313237323b506572736f6e615f69647c733a313a2236223b4e6f6d6272657c733a31343a22414354554152494f204e6f2e2032223b49645f726f6c7c733a313a2235223b526f6c7c733a383a22416374756172696f223b6c6f67756561646f7c623a313b),
('a43449221b9075e47ac5bbb4c9002396fa23f8e9', '187.175.24.116', 1503522695, 0x5f5f63695f6c6173745f726567656e65726174657c693a313530333532323432313b506572736f6e615f69647c733a313a2236223b4e6f6d6272657c733a31343a22414354554152494f204e6f2e2032223b49645f726f6c7c733a313a2235223b526f6c7c733a383a22416374756172696f223b6c6f67756561646f7c623a313b),
('123d12494e7adf9bae52bc09ed64a383ea7a0c28', '187.175.24.176', 1503499485, 0x5f5f63695f6c6173745f726567656e65726174657c693a313530333439393238303b506572736f6e615f69647c733a313a2237223b4e6f6d6272657c733a31373a2250524f5945435449535441204e6f2e2031223b49645f726f6c7c733a313a2234223b526f6c7c733a31313a2250726f7965637469737461223b6c6f67756561646f7c623a313b),
('154dc90edb002ba6616587dfa71a2c12ced846c1', '189.229.86.216', 1503508136, 0x5f5f63695f6c6173745f726567656e65726174657c693a313530333530383133323b),
('3c27879754bd9a7f4d2c39ad89c6fa05990f7618', '200.68.138.148', 1503499440, 0x5f5f63695f6c6173745f726567656e65726174657c693a313530333439393234393b506572736f6e615f69647c733a313a2237223b4e6f6d6272657c733a31373a2250524f5945435449535441204e6f2e2031223b49645f726f6c7c733a313a2234223b526f6c7c733a31313a2250726f7965637469737461223b6c6f67756561646f7c623a313b),
('6d1192191b9e29cda7cc733f1db57fe9ae06bdb3', '177.246.192.156', 1503464639, 0x5f5f63695f6c6173745f726567656e65726174657c693a313530333436343631313b506572736f6e615f69647c733a313a2237223b4e6f6d6272657c733a31373a2250524f5945435449535441204e6f2e2031223b49645f726f6c7c733a313a2234223b526f6c7c733a31313a2250726f7965637469737461223b6c6f67756561646f7c623a313b),
('67a3114820218e8d163e6a63f2bec35898cd6e01', '189.229.76.80', 1503466689, 0x5f5f63695f6c6173745f726567656e65726174657c693a313530333436363537363b506572736f6e615f69647c733a323a223937223b4e6f6d6272657c733a31353a22434955444144414e4f204e6f2e2031223b49645f726f6c7c733a313a2237223b526f6c7c733a373a225573756172696f223b6c6f67756561646f7c623a313b),
('dde05aba10c8102c660ee3cce77cd668b3954eed', '189.229.76.80', 1503467701, 0x5f5f63695f6c6173745f726567656e65726174657c693a313530333436373633363b506572736f6e615f69647c733a313a2235223b4e6f6d6272657c733a31343a22414354554152494f204e6f2e2031223b49645f726f6c7c733a313a2235223b526f6c7c733a383a22416374756172696f223b6c6f67756561646f7c623a313b),
('9ace1653d6fa9d8ee4686757d392e406bcc84e7a', '189.229.76.80', 1503469369, 0x5f5f63695f6c6173745f726567656e65726174657c693a313530333436393336393b506572736f6e615f69647c733a313a2235223b4e6f6d6272657c733a31343a22414354554152494f204e6f2e2031223b49645f726f6c7c733a313a2235223b526f6c7c733a383a22416374756172696f223b6c6f67756561646f7c623a313b),
('5f66a13f41a0cfe6d193d79d78d0a691319dd894', '189.229.76.80', 1503467440, 0x5f5f63695f6c6173745f726567656e65726174657c693a313530333436373134313b506572736f6e615f69647c733a323a223937223b4e6f6d6272657c733a31353a22434955444144414e4f204e6f2e2031223b49645f726f6c7c733a313a2237223b526f6c7c733a373a225573756172696f223b6c6f67756561646f7c623a313b),
('0a0f36c47573dfa7817fbffc58179bccd7449157', '177.246.192.156', 1503464559, 0x5f5f63695f6c6173745f726567656e65726174657c693a313530333436343330393b506572736f6e615f69647c733a313a2237223b4e6f6d6272657c733a31373a2250524f5945435449535441204e6f2e2031223b49645f726f6c7c733a313a2234223b526f6c7c733a31313a2250726f7965637469737461223b6c6f67756561646f7c623a313b),
('766f02e2a64ba488fd1f8ad9c45af67517446174', '177.246.192.156', 1503464633, 0x5f5f63695f6c6173745f726567656e65726174657c693a313530333436343538383b506572736f6e615f69647c733a323a223130223b4e6f6d6272657c733a31363a224d41474953545241444f204e6f2e2031223b49645f726f6c7c733a313a2236223b526f6c7c733a31303a224d61676973747261646f223b6c6f67756561646f7c623a313b),
('d22440cad003837b97d51b67ce986810385aa634', '177.246.192.156', 1503464155, 0x5f5f63695f6c6173745f726567656e65726174657c693a313530333436333937313b506572736f6e615f69647c733a323a223130223b4e6f6d6272657c733a31363a224d41474953545241444f204e6f2e2031223b49645f726f6c7c733a313a2236223b526f6c7c733a31303a224d61676973747261646f223b6c6f67756561646f7c623a313b),
('1b432c62107882f8cf7a884b6a5eb7906f033e1d', '189.229.76.80', 1503466504, 0x5f5f63695f6c6173745f726567656e65726174657c693a313530333436333738383b506572736f6e615f69647c733a323a223937223b4e6f6d6272657c733a31353a22434955444144414e4f204e6f2e2031223b49645f726f6c7c733a313a2237223b526f6c7c733a373a225573756172696f223b6c6f67756561646f7c623a313b),
('530dd1654cef1c16fca40e816b684f42a6b66f8e', '189.229.76.80', 1503463366, 0x5f5f63695f6c6173745f726567656e65726174657c693a313530333436333230363b506572736f6e615f69647c733a323a223937223b4e6f6d6272657c733a31353a22434955444144414e4f204e6f2e2031223b49645f726f6c7c733a313a2237223b526f6c7c733a373a225573756172696f223b6c6f67756561646f7c623a313b),
('124cbccab36a29f0a6065e15ba303a581d06665f', '189.229.76.80', 1503463034, 0x5f5f63695f6c6173745f726567656e65726174657c693a313530333436323838303b506572736f6e615f69647c733a323a223937223b4e6f6d6272657c733a31353a22434955444144414e4f204e6f2e2031223b49645f726f6c7c733a313a2237223b526f6c7c733a373a225573756172696f223b6c6f67756561646f7c623a313b),
('c1ad60b80c7bcc778e48f1339f685c0071683a51', '177.246.192.156', 1503463352, 0x5f5f63695f6c6173745f726567656e65726174657c693a313530333436333333383b506572736f6e615f69647c733a323a223130223b4e6f6d6272657c733a31363a224d41474953545241444f204e6f2e2031223b49645f726f6c7c733a313a2236223b526f6c7c733a31303a224d61676973747261646f223b6c6f67756561646f7c623a313b),
('07f78cce392f2df912c2205142bfce7ba18df5d5', '177.246.192.156', 1503462700, 0x5f5f63695f6c6173745f726567656e65726174657c693a313530333436323432303b506572736f6e615f69647c733a323a223130223b4e6f6d6272657c733a31363a224d41474953545241444f204e6f2e2031223b49645f726f6c7c733a313a2236223b526f6c7c733a31303a224d61676973747261646f223b6c6f67756561646f7c623a313b),
('56d5239aad9d4f25b0a6c8ee3d45696e50bd900a', '189.229.76.80', 1503462837, 0x5f5f63695f6c6173745f726567656e65726174657c693a313530333436323535333b506572736f6e615f69647c733a323a223937223b4e6f6d6272657c733a31353a22434955444144414e4f204e6f2e2031223b49645f726f6c7c733a313a2237223b526f6c7c733a373a225573756172696f223b6c6f67756561646f7c623a313b),
('62d6bf08f4525ec166c1ae42b656b17221094efd', '189.229.76.80', 1503462142, 0x5f5f63695f6c6173745f726567656e65726174657c693a313530333436323039323b506572736f6e615f69647c733a313a2232223b4e6f6d6272657c733a32333a224f46494349414c20444520504152544553204e6f2e2031223b49645f726f6c7c733a313a2232223b526f6c7c733a31373a224f66696369616c20646520506172746573223b6c6f67756561646f7c623a313b),
('d24782e09f30782e12245194c8457a1895e85e7f', '189.229.76.80', 1503461983, 0x5f5f63695f6c6173745f726567656e65726174657c693a313530333436313738353b506572736f6e615f69647c733a313a2232223b4e6f6d6272657c733a32333a224f46494349414c20444520504152544553204e6f2e2031223b49645f726f6c7c733a313a2232223b526f6c7c733a31373a224f66696369616c20646520506172746573223b6c6f67756561646f7c623a313b),
('594bef06e4c9d1846263de1b071e11646510afe2', '177.246.192.156', 1503461927, 0x5f5f63695f6c6173745f726567656e65726174657c693a313530333436313738323b506572736f6e615f69647c733a313a2237223b4e6f6d6272657c733a31373a2250524f5945435449535441204e6f2e2031223b49645f726f6c7c733a313a2234223b526f6c7c733a31313a2250726f7965637469737461223b6c6f67756561646f7c623a313b),
('e40fc3ec1d380b302860379913430b54e77915dd', '189.229.76.80', 1503460488, 0x5f5f63695f6c6173745f726567656e65726174657c693a313530333436303231303b506572736f6e615f69647c733a313a2231223b4e6f6d6272657c733a32343a22416e746f6e696f204d6f72656e6f204ac3a1757265677569223b49645f726f6c7c733a313a2231223b526f6c7c733a31333a2241646d696e6973747261646f72223b6c6f67756561646f7c623a313b),
('ec91e91bb33297930cb5f4bffca1dbc30f02d277', '189.229.76.80', 1503460739, 0x5f5f63695f6c6173745f726567656e65726174657c693a313530333436303534393b506572736f6e615f69647c733a313a2231223b4e6f6d6272657c733a32343a22416e746f6e696f204d6f72656e6f204ac3a1757265677569223b49645f726f6c7c733a313a2231223b526f6c7c733a31333a2241646d696e6973747261646f72223b6c6f67756561646f7c623a313b),
('03139dc99fe6ceacdd9a38e03c01fbb95cccd8ff', '177.246.192.156', 1503618196, 0x5f5f63695f6c6173745f726567656e65726174657c693a313530333631383036383b506572736f6e615f69647c733a313a2233223b4e6f6d6272657c733a32383a225345435245544152494f204445204143554552444f53204e6f2e2031223b49645f726f6c7c733a313a2233223b526f6c7c733a32323a225365637265746172696f206465204163756572646f73223b6c6f67756561646f7c623a313b),
('ed35839aec12cb4237b67ad561c23e9603116a29', '177.246.192.156', 1503618721, 0x5f5f63695f6c6173745f726567656e65726174657c693a313530333631383432353b506572736f6e615f69647c733a313a2233223b4e6f6d6272657c733a32383a225345435245544152494f204445204143554552444f53204e6f2e2031223b49645f726f6c7c733a313a2233223b526f6c7c733a32323a225365637265746172696f206465204163756572646f73223b6c6f67756561646f7c623a313b),
('2502d890c7034bbec38677ed9e3950a7f5037d75', '177.246.192.156', 1503618779, 0x5f5f63695f6c6173745f726567656e65726174657c693a313530333631383737373b506572736f6e615f69647c733a313a2233223b4e6f6d6272657c733a32383a225345435245544152494f204445204143554552444f53204e6f2e2031223b49645f726f6c7c733a313a2233223b526f6c7c733a32323a225365637265746172696f206465204163756572646f73223b6c6f67756561646f7c623a313b),
('e0b0dca0e959c0e5ee804cf3817516c51b5ebdab', '177.246.192.156', 1503619493, 0x5f5f63695f6c6173745f726567656e65726174657c693a313530333631393237373b506572736f6e615f69647c733a313a2237223b4e6f6d6272657c733a31373a2250524f5945435449535441204e6f2e2031223b49645f726f6c7c733a313a2234223b526f6c7c733a31313a2250726f7965637469737461223b6c6f67756561646f7c623a313b),
('ae29ffc763fb23e728db6a87ed4ce8b37706b051', '177.246.192.156', 1503620546, 0x5f5f63695f6c6173745f726567656e65726174657c693a313530333632303238373b506572736f6e615f69647c733a313a2233223b4e6f6d6272657c733a32383a225345435245544152494f204445204143554552444f53204e6f2e2031223b49645f726f6c7c733a313a2233223b526f6c7c733a32323a225365637265746172696f206465204163756572646f73223b6c6f67756561646f7c623a313b),
('f479cf93561090cfe402ae0a6b018b2011561104', '177.246.192.156', 1503620286, 0x5f5f63695f6c6173745f726567656e65726174657c693a313530333631393935383b506572736f6e615f69647c733a313a2233223b4e6f6d6272657c733a32383a225345435245544152494f204445204143554552444f53204e6f2e2031223b49645f726f6c7c733a313a2233223b526f6c7c733a32323a225365637265746172696f206465204163756572646f73223b6c6f67756561646f7c623a313b),
('efbd871c06793b25a1120ccf044ea33a6c80f14a', '177.246.192.156', 1503620844, 0x5f5f63695f6c6173745f726567656e65726174657c693a313530333632303632373b506572736f6e615f69647c733a313a2233223b4e6f6d6272657c733a32383a225345435245544152494f204445204143554552444f53204e6f2e2031223b49645f726f6c7c733a313a2233223b526f6c7c733a32323a225365637265746172696f206465204163756572646f73223b6c6f67756561646f7c623a313b),
('65bb0d06622b2ac02aa1832cbfe0ba3fc2e60ab0', '177.246.192.156', 1503621361, 0x5f5f63695f6c6173745f726567656e65726174657c693a313530333632313037363b506572736f6e615f69647c733a313a2233223b4e6f6d6272657c733a32383a225345435245544152494f204445204143554552444f53204e6f2e2031223b49645f726f6c7c733a313a2233223b526f6c7c733a32323a225365637265746172696f206465204163756572646f73223b6c6f67756561646f7c623a313b),
('e6aa8dfff07ad7f7da8eceade32ce6f568bd63b0', '177.246.192.156', 1503621696, 0x5f5f63695f6c6173745f726567656e65726174657c693a313530333632313439323b506572736f6e615f69647c733a313a2233223b4e6f6d6272657c733a32383a225345435245544152494f204445204143554552444f53204e6f2e2031223b49645f726f6c7c733a313a2233223b526f6c7c733a32323a225365637265746172696f206465204163756572646f73223b6c6f67756561646f7c623a313b),
('0b667fed84004b8dba3d9a04df07ba14b9f34152', '177.246.192.156', 1503622409, 0x5f5f63695f6c6173745f726567656e65726174657c693a313530333632323132373b506572736f6e615f69647c733a323a223130223b4e6f6d6272657c733a31363a224d41474953545241444f204e6f2e2031223b49645f726f6c7c733a313a2236223b526f6c7c733a31303a224d61676973747261646f223b6c6f67756561646f7c623a313b),
('62012b9056c3cd2594aa12357d0a79b5a763349e', '177.246.192.156', 1503622753, 0x5f5f63695f6c6173745f726567656e65726174657c693a313530333632323436323b506572736f6e615f69647c733a323a223130223b4e6f6d6272657c733a31363a224d41474953545241444f204e6f2e2031223b49645f726f6c7c733a313a2236223b526f6c7c733a31303a224d61676973747261646f223b6c6f67756561646f7c623a313b),
('a20384f0e39a4bafa25b403a591cb558de9f332e', '177.246.192.156', 1503622966, 0x5f5f63695f6c6173745f726567656e65726174657c693a313530333632323737323b506572736f6e615f69647c733a323a223130223b4e6f6d6272657c733a31363a224d41474953545241444f204e6f2e2031223b49645f726f6c7c733a313a2236223b526f6c7c733a31303a224d61676973747261646f223b6c6f67756561646f7c623a313b),
('d9b1638153a832189248908c61c7f9ec90d29879', '177.246.192.156', 1503623746, 0x5f5f63695f6c6173745f726567656e65726174657c693a313530333632333435333b506572736f6e615f69647c733a323a223130223b4e6f6d6272657c733a31363a224d41474953545241444f204e6f2e2031223b49645f726f6c7c733a313a2236223b526f6c7c733a31303a224d61676973747261646f223b6c6f67756561646f7c623a313b),
('9f7e68e9769f25cd0a406c2030b10c57d60fb1e8', '177.246.192.156', 1503623890, 0x5f5f63695f6c6173745f726567656e65726174657c693a313530333632333739353b506572736f6e615f69647c733a323a223130223b4e6f6d6272657c733a31363a224d41474953545241444f204e6f2e2031223b49645f726f6c7c733a313a2236223b526f6c7c733a31303a224d61676973747261646f223b6c6f67756561646f7c623a313b),
('cb16244595f2cbc7894ba453c63681abf9e7a8b7', '177.246.192.156', 1503624673, 0x5f5f63695f6c6173745f726567656e65726174657c693a313530333632343438333b506572736f6e615f69647c733a323a223130223b4e6f6d6272657c733a31363a224d41474953545241444f204e6f2e2031223b49645f726f6c7c733a313a2236223b526f6c7c733a31303a224d61676973747261646f223b6c6f67756561646f7c623a313b),
('03560473b44fe49029b9f8a3e8c4e6a944238dfb', '177.246.192.156', 1503625100, 0x5f5f63695f6c6173745f726567656e65726174657c693a313530333632343833343b506572736f6e615f69647c733a323a223130223b4e6f6d6272657c733a31363a224d41474953545241444f204e6f2e2031223b49645f726f6c7c733a313a2236223b526f6c7c733a31303a224d61676973747261646f223b6c6f67756561646f7c623a313b),
('d5adceeaa26d925d3e6339e8c1c587cb0ead7bbd', '177.246.192.156', 1503626146, 0x5f5f63695f6c6173745f726567656e65726174657c693a313530333632353835373b506572736f6e615f69647c733a313a2237223b4e6f6d6272657c733a31373a2250524f5945435449535441204e6f2e2031223b49645f726f6c7c733a313a2234223b526f6c7c733a31313a2250726f7965637469737461223b6c6f67756561646f7c623a313b),
('e7d0e9bd7c0ce7897359e63aafc3d91f99295f10', '177.246.192.156', 1503625593, 0x5f5f63695f6c6173745f726567656e65726174657c693a313530333632353434383b506572736f6e615f69647c733a313a2233223b4e6f6d6272657c733a32383a225345435245544152494f204445204143554552444f53204e6f2e2031223b49645f726f6c7c733a313a2233223b526f6c7c733a32323a225365637265746172696f206465204163756572646f73223b6c6f67756561646f7c623a313b),
('3e660f28ee6409b054ed6c2826dfbd9485f2a973', '177.246.192.156', 1503626975, 0x5f5f63695f6c6173745f726567656e65726174657c693a313530333632363839363b506572736f6e615f69647c733a313a2237223b4e6f6d6272657c733a31373a2250524f5945435449535441204e6f2e2031223b49645f726f6c7c733a313a2234223b526f6c7c733a31313a2250726f7965637469737461223b6c6f67756561646f7c623a313b),
('849a0ddd8111964de560dbc7758598b00bdeb00c', '177.246.192.156', 1503627418, 0x5f5f63695f6c6173745f726567656e65726174657c693a313530333632373234393b506572736f6e615f69647c733a313a2235223b4e6f6d6272657c733a31343a22414354554152494f204e6f2e2031223b49645f726f6c7c733a313a2235223b526f6c7c733a383a22416374756172696f223b6c6f67756561646f7c623a313b),
('274a79a2c84cae563fabab1001aa534357f4ee23', '177.246.192.156', 1503627775, 0x5f5f63695f6c6173745f726567656e65726174657c693a313530333632373636333b506572736f6e615f69647c733a313a2235223b4e6f6d6272657c733a31343a22414354554152494f204e6f2e2031223b49645f726f6c7c733a313a2235223b526f6c7c733a383a22416374756172696f223b6c6f67756561646f7c623a313b),
('27a04eada2921242617c3c9e6f65a7c1b80d7ee7', '189.229.116.196', 1503628096, 0x506572736f6e615f69647c733a313a2231223b4e6f6d6272657c733a32343a22416e746f6e696f204d6f72656e6f204ac3a1757265677569223b49645f726f6c7c733a313a2231223b526f6c7c733a31333a2241646d696e6973747261646f72223b6c6f67756561646f7c623a313b5f5f63695f6c6173745f726567656e65726174657c693a313530333632373834383b),
('d4b0b42bbfab90b7d74c489fa88acfd52c0ffd55', '177.246.192.156', 1503628053, 0x5f5f63695f6c6173745f726567656e65726174657c693a313530333632383035303b506572736f6e615f69647c733a313a2235223b4e6f6d6272657c733a31343a22414354554152494f204e6f2e2031223b49645f726f6c7c733a313a2235223b526f6c7c733a383a22416374756172696f223b6c6f67756561646f7c623a313b),
('1817b74073f3a985ee5197ed96ef42caadd0ea7f', '189.229.116.196', 1503628593, 0x506572736f6e615f69647c733a313a2235223b4e6f6d6272657c733a31343a22414354554152494f204e6f2e2031223b49645f726f6c7c733a313a2235223b526f6c7c733a383a22416374756172696f223b6c6f67756561646f7c623a313b5f5f63695f6c6173745f726567656e65726174657c693a313530333632383533343b),
('4585689ff8a7af77b3f3acfcf793bf5c1418acbb', '189.229.116.196', 1503632470, 0x5f5f63695f6c6173745f726567656e65726174657c693a313530333633323437303b),
('08cf9986bc5f4aa3ad71da6e31d20aeb126568b2', '177.224.71.180', 1503662798, 0x5f5f63695f6c6173745f726567656e65726174657c693a313530333636323733353b506572736f6e615f69647c733a313a2233223b4e6f6d6272657c733a32383a225345435245544152494f204445204143554552444f53204e6f2e2031223b49645f726f6c7c733a313a2233223b526f6c7c733a32323a225365637265746172696f206465204163756572646f73223b6c6f67756561646f7c623a313b),
('c1d9dbee3305df519bbb0e5ca2666e3cdc8f101c', '189.229.116.196', 1503629571, 0x5f5f63695f6c6173745f726567656e65726174657c693a313530333632393336363b506572736f6e615f69647c733a313a2235223b4e6f6d6272657c733a31343a22414354554152494f204e6f2e2031223b49645f726f6c7c733a313a2235223b526f6c7c733a383a22416374756172696f223b6c6f67756561646f7c623a313b),
('9b5a286f2b887095e9779233132f19b7ea272bf8', '189.229.116.196', 1503630590, 0x5f5f63695f6c6173745f726567656e65726174657c693a313530333633303539303b),
('992671abaf201d33052cb1433473c5eec905976f', '187.144.60.124', 1503686620, 0x5f5f63695f6c6173745f726567656e65726174657c693a313530333638363333343b506572736f6e615f69647c733a313a2232223b4e6f6d6272657c733a32333a224f46494349414c20444520504152544553204e6f2e2031223b49645f726f6c7c733a313a2232223b526f6c7c733a31373a224f66696369616c20646520506172746573223b6c6f67756561646f7c623a313b),
('5661b895d5950e2bedb9011b7b387c0580e1ba4e', '187.144.60.124', 1503687364, 0x5f5f63695f6c6173745f726567656e65726174657c693a313530333638373233383b506572736f6e615f69647c733a313a2233223b4e6f6d6272657c733a32383a225345435245544152494f204445204143554552444f53204e6f2e2031223b49645f726f6c7c733a313a2233223b526f6c7c733a32323a225365637265746172696f206465204163756572646f73223b6c6f67756561646f7c623a313b),
('3d12226e4895de92b8108e52e7f9c3a564a18929', '187.144.44.110', 1503860066, 0x5f5f63695f6c6173745f726567656e65726174657c693a313530333836303034303b506572736f6e615f69647c733a313a2233223b4e6f6d6272657c733a32383a225345435245544152494f204445204143554552444f53204e6f2e2031223b49645f726f6c7c733a313a2233223b526f6c7c733a32323a225365637265746172696f206465204163756572646f73223b6c6f67756561646f7c623a313b),
('cb694228fc3910e19e4da7ea041270b7ca8da614', '187.144.44.110', 1503860725, 0x5f5f63695f6c6173745f726567656e65726174657c693a313530333836303432383b506572736f6e615f69647c733a313a2233223b4e6f6d6272657c733a32383a225345435245544152494f204445204143554552444f53204e6f2e2031223b49645f726f6c7c733a313a2233223b526f6c7c733a32323a225365637265746172696f206465204163756572646f73223b6c6f67756561646f7c623a313b),
('29f1124231d0c9600648c62259664af3c0b34316', '187.144.44.110', 1503860989, 0x5f5f63695f6c6173745f726567656e65726174657c693a313530333836303739383b506572736f6e615f69647c733a313a2233223b4e6f6d6272657c733a32383a225345435245544152494f204445204143554552444f53204e6f2e2031223b49645f726f6c7c733a313a2233223b526f6c7c733a32323a225365637265746172696f206465204163756572646f73223b6c6f67756561646f7c623a313b),
('de3944527e8307b234097bc1a1bf04c2c787421d', '187.144.44.110', 1503861665, 0x5f5f63695f6c6173745f726567656e65726174657c693a313530333836313636353b506572736f6e615f69647c733a313a2233223b4e6f6d6272657c733a32383a225345435245544152494f204445204143554552444f53204e6f2e2031223b49645f726f6c7c733a313a2233223b526f6c7c733a32323a225365637265746172696f206465204163756572646f73223b6c6f67756561646f7c623a313b),
('1a117cc79a7df92203c16b45c8da85e849ced5a3', '189.229.4.30', 1503888053, 0x5f5f63695f6c6173745f726567656e65726174657c693a313530333838373733333b506572736f6e615f69647c733a313a2232223b4e6f6d6272657c733a32333a224f46494349414c20444520504152544553204e6f2e2031223b49645f726f6c7c733a313a2232223b526f6c7c733a31373a224f66696369616c20646520506172746573223b6c6f67756561646f7c623a313b),
('4aee2c17820a2280fabfba23a93f040f4f3723f4', '189.229.4.30', 1503888335, 0x5f5f63695f6c6173745f726567656e65726174657c693a313530333838383035343b506572736f6e615f69647c733a313a2232223b4e6f6d6272657c733a32333a224f46494349414c20444520504152544553204e6f2e2031223b49645f726f6c7c733a313a2232223b526f6c7c733a31373a224f66696369616c20646520506172746573223b6c6f67756561646f7c623a313b),
('7dc277429408d5300a0f26554cd68fbbd5fab8c1', '189.229.4.30', 1503888869, 0x5f5f63695f6c6173745f726567656e65726174657c693a313530333838383539303b506572736f6e615f69647c733a333a22313038223b4e6f6d6272657c733a31393a22436975646164616e6f20313030302038303030223b49645f726f6c7c733a313a2237223b526f6c7c733a373a225573756172696f223b6c6f67756561646f7c623a313b),
('e7611cc4adb4e75299915da5147571d71bab6a5c', '189.229.4.30', 1503889180, 0x5f5f63695f6c6173745f726567656e65726174657c693a313530333838383839353b506572736f6e615f69647c733a333a22313038223b4e6f6d6272657c733a31393a22436975646164616e6f20313030302038303030223b49645f726f6c7c733a313a2237223b526f6c7c733a373a225573756172696f223b6c6f67756561646f7c623a313b),
('83e23615425652275fd4fe7dbbcd2a86d1569b6b', '189.229.4.30', 1503889445, 0x5f5f63695f6c6173745f726567656e65726174657c693a313530333838393230333b506572736f6e615f69647c733a333a22313038223b4e6f6d6272657c733a31393a22436975646164616e6f20313030302038303030223b49645f726f6c7c733a313a2237223b526f6c7c733a373a225573756172696f223b6c6f67756561646f7c623a313b),
('5d80dd69157c2f5405b7accaf54dcb28f40cc760', '189.229.4.30', 1503889798, 0x5f5f63695f6c6173745f726567656e65726174657c693a313530333838393532393b506572736f6e615f69647c733a333a22313038223b4e6f6d6272657c733a31393a22436975646164616e6f20313030302038303030223b49645f726f6c7c733a313a2237223b526f6c7c733a373a225573756172696f223b6c6f67756561646f7c623a313b),
('7ecb9ab42fb0c04bba850767ba2d318bcc2971e2', '189.229.4.30', 1503889862, 0x5f5f63695f6c6173745f726567656e65726174657c693a313530333838393835313b506572736f6e615f69647c733a333a22313038223b4e6f6d6272657c733a31393a22436975646164616e6f20313030302038303030223b49645f726f6c7c733a313a2237223b526f6c7c733a373a225573756172696f223b6c6f67756561646f7c623a313b),
('130abb96bd7b32878ad2d17b2ef76b3c45dce7c8', '189.229.4.30', 1503894596, 0x5f5f63695f6c6173745f726567656e65726174657c693a313530333839343433333b506572736f6e615f69647c733a333a22313038223b4e6f6d6272657c733a31393a22436975646164616e6f20313030302038303030223b49645f726f6c7c733a313a2237223b526f6c7c733a373a225573756172696f223b6c6f67756561646f7c623a313b),
('3629885239643f43701ef0a32ce6326f405227a4', '189.229.4.30', 1503895688, 0x5f5f63695f6c6173745f726567656e65726174657c693a313530333839343736393b506572736f6e615f69647c733a323a223937223b4e6f6d6272657c733a31353a22434955444144414e4f204e6f2e2031223b49645f726f6c7c733a313a2237223b526f6c7c733a373a225573756172696f223b6c6f67756561646f7c623a313b),
('846c5a8900a7a61a6188f7f8b86e971f35e9175a', '189.229.4.30', 1503895830, 0x5f5f63695f6c6173745f726567656e65726174657c693a313530333839353639313b506572736f6e615f69647c733a323a223937223b4e6f6d6272657c733a31353a22434955444144414e4f204e6f2e2031223b49645f726f6c7c733a313a2237223b526f6c7c733a373a225573756172696f223b6c6f67756561646f7c623a313b),
('7180b12e2cba1e9a1bb2ce09295ec67d4ca413ee', '189.229.4.30', 1503896385, 0x5f5f63695f6c6173745f726567656e65726174657c693a313530333839363238353b506572736f6e615f69647c733a323a223937223b4e6f6d6272657c733a31353a22434955444144414e4f204e6f2e2031223b49645f726f6c7c733a313a2237223b526f6c7c733a373a225573756172696f223b6c6f67756561646f7c623a313b),
('a25c432121f068062d2a2bfe9a30e37255c88526', '189.229.4.30', 1503897156, 0x5f5f63695f6c6173745f726567656e65726174657c693a313530333839363837343b506572736f6e615f69647c733a323a223937223b4e6f6d6272657c733a31353a22434955444144414e4f204e6f2e2031223b49645f726f6c7c733a313a2237223b526f6c7c733a373a225573756172696f223b6c6f67756561646f7c623a313b),
('d5ecda43cb2c319a16407ecbcb6121d3558be2d2', '189.229.4.30', 1503897347, 0x5f5f63695f6c6173745f726567656e65726174657c693a313530333839373137353b506572736f6e615f69647c733a323a223937223b4e6f6d6272657c733a31353a22434955444144414e4f204e6f2e2031223b49645f726f6c7c733a313a2237223b526f6c7c733a373a225573756172696f223b6c6f67756561646f7c623a313b);
INSERT INTO `ci_sessions` (`id`, `ip_address`, `timestamp`, `data`) VALUES
('dd98a6fdd0bee6a3c8beb78f18eb26f0c21411b7', '189.229.4.30', 1503897892, 0x5f5f63695f6c6173745f726567656e65726174657c693a313530333839373539363b506572736f6e615f69647c733a323a223937223b4e6f6d6272657c733a31353a22434955444144414e4f204e6f2e2031223b49645f726f6c7c733a313a2237223b526f6c7c733a373a225573756172696f223b6c6f67756561646f7c623a313b),
('bca7ce7f3e23c6f93b7f7d186f126e6873f6a530', '189.229.4.30', 1503898824, 0x5f5f63695f6c6173745f726567656e65726174657c693a313530333839383030393b506572736f6e615f69647c733a313a2232223b4e6f6d6272657c733a32333a224f46494349414c20444520504152544553204e6f2e2031223b49645f726f6c7c733a313a2232223b526f6c7c733a31373a224f66696369616c20646520506172746573223b6c6f67756561646f7c623a313b),
('1df5c2eeb07a3e1d0bc566b3a6faeb639d1a7f80', '189.229.4.30', 1503898843, 0x5f5f63695f6c6173745f726567656e65726174657c693a313530333839383833393b506572736f6e615f69647c733a313a2232223b4e6f6d6272657c733a32333a224f46494349414c20444520504152544553204e6f2e2031223b49645f726f6c7c733a313a2232223b526f6c7c733a31373a224f66696369616c20646520506172746573223b6c6f67756561646f7c623a313b),
('7edea3c3f8a6457ff0bf2c2c5ad3d413919f1b66', '189.229.4.30', 1503899472, 0x5f5f63695f6c6173745f726567656e65726174657c693a313530333839393437323b),
('aa903782b1bbe23a47cde55d417d071495c8ee64', '189.229.4.30', 1503955575, 0x5f5f63695f6c6173745f726567656e65726174657c693a313530333935353537353b),
('6909f224b5ab656eff4d1eca7c871050e9de0540', '189.229.4.30', 1503979661, 0x5f5f63695f6c6173745f726567656e65726174657c693a313530333937393633343b506572736f6e615f69647c733a333a22313038223b4e6f6d6272657c733a31393a22436975646164616e6f20313030302038303030223b49645f726f6c7c733a313a2237223b526f6c7c733a373a225573756172696f223b6c6f67756561646f7c623a313b),
('345c126faa52cfaa507b6f6c7ed859432552a71f', '189.229.4.30', 1504029813, 0x5f5f63695f6c6173745f726567656e65726174657c693a313530343032393537333b506572736f6e615f69647c733a333a22313038223b4e6f6d6272657c733a31393a22436975646164616e6f20313030302038303030223b49645f726f6c7c733a313a2237223b526f6c7c733a373a225573756172696f223b6c6f67756561646f7c623a313b),
('01064abec9a36ba9d3295a7c380e709e5d6272d4', '189.229.4.30', 1504029969, 0x5f5f63695f6c6173745f726567656e65726174657c693a313530343032393933313b506572736f6e615f69647c733a333a22313038223b4e6f6d6272657c733a31393a22436975646164616e6f20313030302038303030223b49645f726f6c7c733a313a2237223b526f6c7c733a373a225573756172696f223b6c6f67756561646f7c623a313b),
('3c8493f5b8bf7dc0b29f737aebc245e11d9e8fb6', '189.229.4.30', 1504030875, 0x5f5f63695f6c6173745f726567656e65726174657c693a313530343033303538353b506572736f6e615f69647c733a333a22313038223b4e6f6d6272657c733a31393a22436975646164616e6f20313030302038303030223b49645f726f6c7c733a313a2237223b526f6c7c733a373a225573756172696f223b6c6f67756561646f7c623a313b),
('ec22dfeccc9afe984a998a6717eb0aaddd6bd784', '189.229.4.30', 1504031041, 0x5f5f63695f6c6173745f726567656e65726174657c693a313530343033313034313b),
('a9b36ae9a5def73c5e689942d921e462e479b00c', '177.246.192.156', 1504037108, 0x5f5f63695f6c6173745f726567656e65726174657c693a313530343033373030303b506572736f6e615f69647c733a313a2233223b4e6f6d6272657c733a32383a225345435245544152494f204445204143554552444f53204e6f2e2031223b49645f726f6c7c733a313a2233223b526f6c7c733a32323a225365637265746172696f206465204163756572646f73223b6c6f67756561646f7c623a313b),
('f67f830de112f6316691dd42c000281353817c6a', '189.229.4.30', 1504156682, 0x5f5f63695f6c6173745f726567656e65726174657c693a313530343135363430393b506572736f6e615f69647c733a313a2231223b4e6f6d6272657c733a32343a22416e746f6e696f204d6f72656e6f204ac3a1757265677569223b49645f726f6c7c733a313a2231223b526f6c7c733a31333a2241646d696e6973747261646f72223b6c6f67756561646f7c623a313b),
('ea73eac86357442435544d02f09028d514ff6ee1', '189.229.4.30', 1504156995, 0x5f5f63695f6c6173745f726567656e65726174657c693a313530343135363731393b506572736f6e615f69647c733a313a2231223b4e6f6d6272657c733a32343a22416e746f6e696f204d6f72656e6f204ac3a1757265677569223b49645f726f6c7c733a313a2231223b526f6c7c733a31333a2241646d696e6973747261646f72223b6c6f67756561646f7c623a313b),
('28da4fcab742d977ad4d7b1f505e9b16635441b2', '189.229.4.30', 1504157206, 0x5f5f63695f6c6173745f726567656e65726174657c693a313530343135373130303b506572736f6e615f69647c733a313a2231223b4e6f6d6272657c733a32343a22416e746f6e696f204d6f72656e6f204ac3a1757265677569223b49645f726f6c7c733a313a2231223b526f6c7c733a31333a2241646d696e6973747261646f72223b6c6f67756561646f7c623a313b),
('c424b85fcb1b9bdd8104348802d9b980dcb356da', '187.144.44.110', 1504189282, 0x5f5f63695f6c6173745f726567656e65726174657c693a313530343138383939363b506572736f6e615f69647c733a313a2233223b4e6f6d6272657c733a32383a225345435245544152494f204445204143554552444f53204e6f2e2031223b49645f726f6c7c733a313a2233223b526f6c7c733a32323a225365637265746172696f206465204163756572646f73223b6c6f67756561646f7c623a313b),
('d6ac41ffc6510c674f5189e44063171149861148', '187.144.44.110', 1504189545, 0x5f5f63695f6c6173745f726567656e65726174657c693a313530343138393330363b506572736f6e615f69647c733a313a2233223b4e6f6d6272657c733a32383a225345435245544152494f204445204143554552444f53204e6f2e2031223b49645f726f6c7c733a313a2233223b526f6c7c733a32323a225365637265746172696f206465204163756572646f73223b6c6f67756561646f7c623a313b),
('7b647981a31e2246b8b66b85193c627d1c6c506a', '187.144.44.110', 1504189665, 0x5f5f63695f6c6173745f726567656e65726174657c693a313530343138393633353b506572736f6e615f69647c733a313a2233223b4e6f6d6272657c733a32383a225345435245544152494f204445204143554552444f53204e6f2e2031223b49645f726f6c7c733a313a2233223b526f6c7c733a32323a225365637265746172696f206465204163756572646f73223b6c6f67756561646f7c623a313b),
('a97b111b6df18baaf3d87a3cc47c53f134f4d0c1', '64.233.172.190', 1504189760, 0x5f5f63695f6c6173745f726567656e65726174657c693a313530343138393730373b),
('a97b111b6df18baaf3d87a3cc47c53f134f4d0c1', '187.144.44.110', 1504189758, 0x506572736f6e615f69647c733a313a2232223b4e6f6d6272657c733a32333a224f46494349414c20444520504152544553204e6f2e2031223b49645f726f6c7c733a313a2232223b526f6c7c733a31373a224f66696369616c20646520506172746573223b6c6f67756561646f7c623a313b),
('a97b111b6df18baaf3d87a3cc47c53f134f4d0c1', '64.233.172.160', 1504189775, 0x5f5f63695f6c6173745f726567656e65726174657c693a313530343138393731333b),
('a97b111b6df18baaf3d87a3cc47c53f134f4d0c1', '64.233.172.188', 1504189738, 0x5f5f63695f6c6173745f726567656e65726174657c693a313530343138393733373b),
('1ca4f091e65879a35d3e538aff0b8c1c5d187b5d', '187.144.44.110', 1504190458, 0x5f5f63695f6c6173745f726567656e65726174657c693a313530343139303435383b),
('56209a7c302db3377ae8c60729af56210d77846a', '187.144.44.110', 1504191038, 0x5f5f63695f6c6173745f726567656e65726174657c693a313530343139313033343b506572736f6e615f69647c733a313a2233223b4e6f6d6272657c733a32383a225345435245544152494f204445204143554552444f53204e6f2e2031223b49645f726f6c7c733a313a2233223b526f6c7c733a32323a225365637265746172696f206465204163756572646f73223b6c6f67756561646f7c623a313b),
('a5b65fafab65e58454678a86c13ad189a627063e', '189.229.4.30', 1504195929, 0x5f5f63695f6c6173745f726567656e65726174657c693a313530343139353839383b506572736f6e615f69647c733a313a2232223b4e6f6d6272657c733a32333a224f46494349414c20444520504152544553204e6f2e2031223b49645f726f6c7c733a313a2232223b526f6c7c733a31373a224f66696369616c20646520506172746573223b6c6f67756561646f7c623a313b),
('66fcb75df20dd779631af39c055c2acaf00351f5', '189.229.4.30', 1504197121, 0x5f5f63695f6c6173745f726567656e65726174657c693a313530343139363930333b506572736f6e615f69647c733a313a2232223b4e6f6d6272657c733a32333a224f46494349414c20444520504152544553204e6f2e2031223b49645f726f6c7c733a313a2232223b526f6c7c733a31373a224f66696369616c20646520506172746573223b6c6f67756561646f7c623a313b),
('e4684159c097e86b116fecdba230109cba0aead6', '189.229.4.30', 1504198741, 0x5f5f63695f6c6173745f726567656e65726174657c693a313530343139383731333b506572736f6e615f69647c733a313a2233223b4e6f6d6272657c733a32383a225345435245544152494f204445204143554552444f53204e6f2e2031223b49645f726f6c7c733a313a2233223b526f6c7c733a32323a225365637265746172696f206465204163756572646f73223b6c6f67756561646f7c623a313b),
('666201894d623c218923d4c7b93fd299ccc3c9f6', '189.229.4.30', 1504201442, 0x5f5f63695f6c6173745f726567656e65726174657c693a313530343230313433363b506572736f6e615f69647c733a313a2233223b4e6f6d6272657c733a32383a225345435245544152494f204445204143554552444f53204e6f2e2031223b49645f726f6c7c733a313a2233223b526f6c7c733a32323a225365637265746172696f206465204163756572646f73223b6c6f67756561646f7c623a313b),
('b3cd249b70ab46e111c1cb5c569c263c2574fcd6', '189.229.4.30', 1504198004, 0x5f5f63695f6c6173745f726567656e65726174657c693a313530343139373730363b506572736f6e615f69647c733a313a2233223b4e6f6d6272657c733a32383a225345435245544152494f204445204143554552444f53204e6f2e2031223b49645f726f6c7c733a313a2233223b526f6c7c733a32323a225365637265746172696f206465204163756572646f73223b6c6f67756561646f7c623a313b),
('1b44fc146cfd4d955ccdeb41c9ca2579888a66fe', '189.229.4.30', 1504198451, 0x5f5f63695f6c6173745f726567656e65726174657c693a313530343139383032303b506572736f6e615f69647c733a323a223132223b4e6f6d6272657c733a32313a224a4156494552204d4f52454e4f204d454e444f5a41223b49645f726f6c7c733a313a2237223b526f6c7c733a373a225573756172696f223b6c6f67756561646f7c623a313b),
('a97d6fa0f5376d4eda87b60d5bc944a0f3890928', '189.229.4.30', 1504202602, 0x5f5f63695f6c6173745f726567656e65726174657c693a313530343230323630323b),
('93ad72cfd40dedeb817826f3287d0f5dfc853b2c', '189.229.4.30', 1504211695, 0x5f5f63695f6c6173745f726567656e65726174657c693a313530343231313337303b506572736f6e615f69647c733a323a223132223b4e6f6d6272657c733a32313a224a4156494552204d4f52454e4f204d454e444f5a41223b49645f726f6c7c733a313a2237223b526f6c7c733a373a225573756172696f223b6c6f67756561646f7c623a313b),
('1cd4f6063d0c0f645abcdab32e037201a494fe65', '189.229.4.30', 1504212596, 0x5f5f63695f6c6173745f726567656e65726174657c693a313530343231323331343b506572736f6e615f69647c733a323a223132223b4e6f6d6272657c733a32313a224a4156494552204d4f52454e4f204d454e444f5a41223b49645f726f6c7c733a313a2237223b526f6c7c733a373a225573756172696f223b6c6f67756561646f7c623a313b),
('cc73ca425f75611f74525e70cc0c2497f8e8b0ee', '189.229.4.30', 1504213919, 0x5f5f63695f6c6173745f726567656e65726174657c693a313530343231333035303b506572736f6e615f69647c733a323a223132223b4e6f6d6272657c733a32313a224a4156494552204d4f52454e4f204d454e444f5a41223b49645f726f6c7c733a313a2237223b526f6c7c733a373a225573756172696f223b6c6f67756561646f7c623a313b),
('e2a068550f572e233d494932dc345898d8e80e56', '189.229.4.30', 1504214146, 0x5f5f63695f6c6173745f726567656e65726174657c693a313530343231333932323b506572736f6e615f69647c733a323a223132223b4e6f6d6272657c733a32313a224a4156494552204d4f52454e4f204d454e444f5a41223b49645f726f6c7c733a313a2237223b526f6c7c733a373a225573756172696f223b6c6f67756561646f7c623a313b),
('ced2e061380d037f90ad52f871df7600559e9eb3', '189.229.4.30', 1504214810, 0x5f5f63695f6c6173745f726567656e65726174657c693a313530343231343531373b506572736f6e615f69647c733a323a223132223b4e6f6d6272657c733a32313a224a4156494552204d4f52454e4f204d454e444f5a41223b49645f726f6c7c733a313a2237223b526f6c7c733a373a225573756172696f223b6c6f67756561646f7c623a313b),
('b44c8142b0880a98a33b293886e7df0aae4d4f1b', '189.229.4.30', 1504215113, 0x5f5f63695f6c6173745f726567656e65726174657c693a313530343231343831383b506572736f6e615f69647c733a323a223132223b4e6f6d6272657c733a32313a224a4156494552204d4f52454e4f204d454e444f5a41223b49645f726f6c7c733a313a2237223b526f6c7c733a373a225573756172696f223b6c6f67756561646f7c623a313b),
('58e322debdda52e5db89de54bab8354ee962ea08', '189.229.4.30', 1504215402, 0x5f5f63695f6c6173745f726567656e65726174657c693a313530343231353231323b506572736f6e615f69647c733a323a223132223b4e6f6d6272657c733a32313a224a4156494552204d4f52454e4f204d454e444f5a41223b49645f726f6c7c733a313a2237223b526f6c7c733a373a225573756172696f223b6c6f67756561646f7c623a313b),
('d519b7b9867d2e16cf143fb474b9175d1c47f417', '189.229.4.30', 1504215937, 0x5f5f63695f6c6173745f726567656e65726174657c693a313530343231353635313b506572736f6e615f69647c733a323a223132223b4e6f6d6272657c733a32313a224a4156494552204d4f52454e4f204d454e444f5a41223b49645f726f6c7c733a313a2237223b526f6c7c733a373a225573756172696f223b6c6f67756561646f7c623a313b),
('837bc4b4e24133a7c8a519e5078b0f954dc078ce', '189.229.4.30', 1504216220, 0x5f5f63695f6c6173745f726567656e65726174657c693a313530343231353935373b506572736f6e615f69647c733a323a223132223b4e6f6d6272657c733a32313a224a4156494552204d4f52454e4f204d454e444f5a41223b49645f726f6c7c733a313a2237223b526f6c7c733a373a225573756172696f223b6c6f67756561646f7c623a313b),
('32b24ca3c7a7dc3c0b4ceb369c76a2eb04223191', '189.229.4.30', 1504216652, 0x5f5f63695f6c6173745f726567656e65726174657c693a313530343231363337313b506572736f6e615f69647c733a323a223132223b4e6f6d6272657c733a32313a224a4156494552204d4f52454e4f204d454e444f5a41223b49645f726f6c7c733a313a2237223b526f6c7c733a373a225573756172696f223b6c6f67756561646f7c623a313b),
('27f09c8b625f0a9888c30fbbb1140ffaba38f6d8', '189.229.4.30', 1504216743, 0x5f5f63695f6c6173745f726567656e65726174657c693a313530343231363638313b506572736f6e615f69647c733a323a223132223b4e6f6d6272657c733a32313a224a4156494552204d4f52454e4f204d454e444f5a41223b49645f726f6c7c733a313a2237223b526f6c7c733a373a225573756172696f223b6c6f67756561646f7c623a313b),
('afd24decb6627292351d79bf437d1e2118d9bd20', '189.229.4.30', 1504218218, 0x5f5f63695f6c6173745f726567656e65726174657c693a313530343231383039333b506572736f6e615f69647c733a333a22313038223b4e6f6d6272657c733a31393a22436975646164616e6f20313030302038303030223b49645f726f6c7c733a313a2237223b526f6c7c733a373a225573756172696f223b6c6f67756561646f7c623a313b),
('4cf72a8e07adecbff4ee1c907ddb75b67eaa6778', '189.229.4.30', 1504218656, 0x5f5f63695f6c6173745f726567656e65726174657c693a313530343231383632383b506572736f6e615f69647c733a313a2232223b4e6f6d6272657c733a32333a224f46494349414c20444520504152544553204e6f2e2031223b49645f726f6c7c733a313a2232223b526f6c7c733a31373a224f66696369616c20646520506172746573223b6c6f67756561646f7c623a313b),
('4d2056fb9058ea51a470b8624018a13fb2fb1012', '189.229.4.30', 1504219249, 0x5f5f63695f6c6173745f726567656e65726174657c693a313530343231383938343b506572736f6e615f69647c733a323a223132223b4e6f6d6272657c733a32313a224a4156494552204d4f52454e4f204d454e444f5a41223b49645f726f6c7c733a313a2237223b526f6c7c733a373a225573756172696f223b6c6f67756561646f7c623a313b),
('98af71912e436d39be2bbb5834b5de7a8e93c9e3', '189.229.4.30', 1504230502, 0x5f5f63695f6c6173745f726567656e65726174657c693a313530343233303437313b506572736f6e615f69647c733a313a2231223b4e6f6d6272657c733a32343a22416e746f6e696f204d6f72656e6f204ac3a1757265677569223b49645f726f6c7c733a313a2231223b526f6c7c733a31333a2241646d696e6973747261646f72223b6c6f67756561646f7c623a313b),
('953dd9ddbe6ebfe992d4ff0e46bf87d97bcc133b', '189.229.4.30', 1504219871, 0x5f5f63695f6c6173745f726567656e65726174657c693a313530343231393837313b),
('1d1bdd3f642513f17e211c4e71786884c85eb679', '189.229.4.30', 1504226113, 0x5f5f63695f6c6173745f726567656e65726174657c693a313530343232353937343b506572736f6e615f69647c733a313a2231223b4e6f6d6272657c733a32343a22416e746f6e696f204d6f72656e6f204ac3a1757265677569223b49645f726f6c7c733a313a2231223b526f6c7c733a31333a2241646d696e6973747261646f72223b6c6f67756561646f7c623a313b),
('10c75a1bad8e9084a7175e621827924a6731169d', '189.229.4.30', 1504226430, 0x5f5f63695f6c6173745f726567656e65726174657c693a313530343232363433303b506572736f6e615f69647c733a313a2231223b4e6f6d6272657c733a32343a22416e746f6e696f204d6f72656e6f204ac3a1757265677569223b49645f726f6c7c733a313a2231223b526f6c7c733a31333a2241646d696e6973747261646f72223b6c6f67756561646f7c623a313b),
('0b2326685642b6d025fdfd3cded3115ba570dbfd', '189.229.4.30', 1504232287, 0x5f5f63695f6c6173745f726567656e65726174657c693a313530343233313835303b506572736f6e615f69647c733a323a223132223b4e6f6d6272657c733a32313a224a4156494552204d4f52454e4f204d454e444f5a41223b49645f726f6c7c733a313a2237223b526f6c7c733a373a225573756172696f223b6c6f67756561646f7c623a313b),
('f318bf98370c3955bb274343ac6c8a1e743793e2', '189.229.4.30', 1504232552, 0x5f5f63695f6c6173745f726567656e65726174657c693a313530343233323436393b506572736f6e615f69647c733a323a223132223b4e6f6d6272657c733a32313a224a4156494552204d4f52454e4f204d454e444f5a41223b49645f726f6c7c733a313a2237223b526f6c7c733a373a225573756172696f223b6c6f67756561646f7c623a313b),
('5e916b82061d249ef54a21dbd6e659cb0da8c4a5', '189.229.4.30', 1504232856, 0x5f5f63695f6c6173745f726567656e65726174657c693a313530343233323835363b),
('c2d5ea00ab261826fce81589c1e3ba020e44e666', '189.229.4.30', 1504239332, 0x5f5f63695f6c6173745f726567656e65726174657c693a313530343233393333323b);

-- --------------------------------------------------------

--
-- Estructura de tabla para la tabla `desechado`
--

CREATE TABLE IF NOT EXISTS `desechado` (
  `id` int(11) NOT NULL AUTO_INCREMENT,
  `id_exp` int(11) NOT NULL,
  `id_op` int(11) NOT NULL COMMENT 'id de operador que desecha el expediente o la demanda puede ser el Secretario de acuerdos',
  `dfecha` timestamp NULL DEFAULT CURRENT_TIMESTAMP,
  `tdesecha` int(11) NOT NULL,
  `fechasis` timestamp NULL DEFAULT CURRENT_TIMESTAMP COMMENT 'fecha del sistema la cual marca el día y hora de aceptación y elaboración del expediente',
  `obs` longtext,
  `status` int(11) DEFAULT NULL COMMENT 'Borrado lógico\n0:activo\n1:borrado',
  PRIMARY KEY (`id`),
  UNIQUE KEY `id_UNIQUE` (`id`),
  KEY `fk_desechado_Expediente1_idx` (`id_exp`),
  KEY `fk_desechado_tipodesecha1_idx` (`tdesecha`),
  KEY `fk_desechado_Persona1_idx` (`id_op`)
) ENGINE=InnoDB  DEFAULT CHARSET=utf8 AUTO_INCREMENT=2 ;

--
-- Volcado de datos para la tabla `desechado`
--

INSERT INTO `desechado` (`id`, `id_exp`, `id_op`, `dfecha`, `tdesecha`, `fechasis`, `obs`, `status`) VALUES
(1, 2, 4, '1970-01-01 07:00:00', 3, '2017-09-01 02:00:45', 'por falta de ...', 0);

-- --------------------------------------------------------

--
-- Estructura de tabla para la tabla `domicilio`
--

CREATE TABLE IF NOT EXISTS `domicilio` (
  `id` int(11) NOT NULL AUTO_INCREMENT,
  `id_Persona` int(11) DEFAULT NULL,
  `Domicilio` varchar(50) DEFAULT NULL,
  `Colonia` varchar(45) DEFAULT NULL,
  `Municipio` varchar(50) DEFAULT NULL,
  `Estado` varchar(50) DEFAULT NULL,
  `Cp` varchar(10) DEFAULT NULL,
  `Referencia` varchar(50) DEFAULT NULL,
  `Oir` int(11) DEFAULT NULL COMMENT 'oír:\n0: Domicilio no apto para notificar\n1: Domicilio permitido para notificar',
  `NInterior` varchar(10) DEFAULT NULL,
  `NExterior` varchar(10) DEFAULT NULL,
  `status` int(11) DEFAULT NULL COMMENT '0: desahabilitado\n1: activo',
  PRIMARY KEY (`id`),
  UNIQUE KEY `id_UNIQUE` (`id`),
  KEY `fk_Domicilio_Persona1_idx` (`id_Persona`)
) ENGINE=InnoDB  DEFAULT CHARSET=utf8 AUTO_INCREMENT=30 ;

--
-- Volcado de datos para la tabla `domicilio`
--

INSERT INTO `domicilio` (`id`, `id_Persona`, `Domicilio`, `Colonia`, `Municipio`, `Estado`, `Cp`, `Referencia`, `Oir`, `NInterior`, `NExterior`, `status`) VALUES
(1, 1, 'Benito Juarez # 130, El Trapiche, Colima', NULL, 'CUAUHTEMOC', 'COLIMA', '28550', NULL, 0, NULL, NULL, 1),
(2, 11, 'TORRES QUINTERO', 'CENTRO', 'COLIMA', 'COLIMA', NULL, NULL, 1, NULL, '85', 1),
(3, 13, 'TAMAULIPAS', 'SANTA AMALIA', 'COLIMA', 'COLIMA', '28048', NULL, 1, NULL, '301', 1),
(4, 108, 'Emilio', NULL, 'Colima', 'Colima', '28550', 'NULL', 0, '1', '284', 1),
(5, 108, 'Emiliio', NULL, 'Colima', 'Colima', '25550', 'En frente de ...', 1, 'B', '250', 1),
(6, 109, 'benito juarez', NULL, 'Colima', 'Colima', '3', 'NULL', 0, '2', '13', 1),
(7, 109, 'zapata', NULL, 'Colima', 'Colima', '28000', 'enfrente de ...', 1, '2', '32', 1),
(8, 110, '', NULL, 'Colima', 'Colima', '', 'NULL', 0, '', '', 1),
(9, 110, '', NULL, 'Colima', 'Colima', '', '', 1, '', '', 1),
(10, 111, '', NULL, 'Colima', 'Colima', '', 'NULL', 0, '', '', 1),
(11, 111, '', NULL, 'Colima', 'Colima', '', '', 1, '', '', 1),
(18, 115, '', NULL, 'Colima', 'Colima', '', 'NULL', 0, '', '', 1),
(19, 115, '', NULL, 'Colima', 'Colima', '', '', 1, '', '', 1),
(20, 116, '', NULL, 'Colima', 'Colima', '', 'NULL', 0, '', '', 1),
(21, 116, '', NULL, 'Colima', 'Colima', '', '', 1, '', '', 1),
(22, 117, '', NULL, 'Colima', 'Colima', '', 'NULL', 0, '', '', 1),
(23, 117, '', NULL, 'Colima', 'Colima', '', '', 1, '', '', 1),
(24, 118, '', NULL, 'Colima', 'Colima', '', 'NULL', 0, '', '', 1),
(25, 118, '', NULL, 'Colima', 'Colima', '', '', 1, '', '', 1),
(26, 119, '', NULL, 'Colima', 'Colima', '', 'NULL', 0, '', '', 1),
(27, 119, '', NULL, 'Colima', 'Colima', '', '', 1, '', '', 1),
(28, 120, '', NULL, 'Colima', 'Colima', '', 'NULL', 0, '', '', 1),
(29, 120, '', NULL, 'Colima', 'Colima', '', '', 1, '', '', 1);

-- --------------------------------------------------------

--
-- Estructura de tabla para la tabla `enviasa`
--

CREATE TABLE IF NOT EXISTS `enviasa` (
  `id` int(11) NOT NULL AUTO_INCREMENT,
  `id_Exp` int(11) NOT NULL,
  `id_Persona` int(11) DEFAULT NULL COMMENT 'Es la persona que envía',
  `id_SA` int(11) DEFAULT NULL COMMENT 'Id de la persona que recibe ',
  `FechaEnviado` timestamp NULL DEFAULT CURRENT_TIMESTAMP COMMENT 'Fecha de enviado',
  `Status` int(11) DEFAULT '0' COMMENT 'Borrado lógico\n0: activo\n1: borrado\n',
  PRIMARY KEY (`id`),
  UNIQUE KEY `id_UNIQUE` (`id`),
  KEY `fk_EnviaSA_Expediente1_idx` (`id_Exp`)
) ENGINE=InnoDB  DEFAULT CHARSET=utf8 AUTO_INCREMENT=6 ;

--
-- Volcado de datos para la tabla `enviasa`
--

INSERT INTO `enviasa` (`id`, `id_Exp`, `id_Persona`, `id_SA`, `FechaEnviado`, `Status`) VALUES
(1, 1, 2, 3, '2017-08-31 22:44:26', 1),
(2, 1, 3, 5, '2017-08-31 22:46:23', 1),
(3, 1, 3, 7, '2017-08-31 22:49:49', 1),
(4, 2, 2, 4, '2017-09-01 01:59:19', 1),
(5, 2, 4, 5, '2017-09-01 02:01:14', 1);

-- --------------------------------------------------------

--
-- Estructura de tabla para la tabla `expediente`
--

CREATE TABLE IF NOT EXISTS `expediente` (
  `Id` int(11) NOT NULL AUTO_INCREMENT COMMENT 'Control de tabla',
  `id_Persona` int(11) NOT NULL COMMENT 'Persona que crea el expediente\nusuario interno {Oficial de Partes}\nusuario externo ',
  `id_Ppresenta` int(11) NOT NULL COMMENT 'Persona representante legal que presenta la demanda.',
  `id_PDemandante` int(11) NOT NULL COMMENT 'Persona que se le considera como Demandante',
  `id_PDemandado` int(11) NOT NULL COMMENT 'Persona Institución pública que recibe demanda',
  `Fecha` datetime NOT NULL COMMENT 'Fecha en que ingresa demanda, promoción, documentos.',
  `Expediente` int(11) NOT NULL COMMENT 'Numero de Expediente',
  `Descripcion` longtext NOT NULL COMMENT 'Breve descripción/resumen(250 palabras) del expediente.',
  `fechasis` timestamp NULL DEFAULT CURRENT_TIMESTAMP COMMENT 'Fecha del sistema',
  `Status` int(11) NOT NULL COMMENT 'Indica si permanece activo el expediente (borrado lógico)',
  PRIMARY KEY (`Id`),
  KEY `fk_Expediente_Persona1_idx` (`id_Persona`),
  KEY `fk_Expediente_Persona2_idx` (`id_Ppresenta`)
) ENGINE=InnoDB  DEFAULT CHARSET=utf8 AUTO_INCREMENT=4 ;

--
-- Volcado de datos para la tabla `expediente`
--

INSERT INTO `expediente` (`Id`, `id_Persona`, `id_Ppresenta`, `id_PDemandante`, `id_PDemandado`, `Fecha`, `Expediente`, `Descripcion`, `fechasis`, `Status`) VALUES
(1, 12, 1, 12, 29, '2017-08-31 22:43:31', 1, 'La demanda contiene sobre...', '2017-08-31 22:43:31', 1),
(2, 1, 1, 12, 93, '2017-09-01 01:56:10', 2, 'Contra la SEP, se inicia...', '2017-09-01 01:56:10', 1),
(3, 12, 2, 12, 47, '2017-09-01 02:22:30', 3, 'Establece....', '2017-09-01 02:22:30', 1);

-- --------------------------------------------------------

--
-- Estructura de tabla para la tabla `extension`
--

CREATE TABLE IF NOT EXISTS `extension` (
  `id` int(11) NOT NULL AUTO_INCREMENT,
  `id_exp` int(11) NOT NULL COMMENT 'id del expediente a dar extension',
  `id_op` int(11) NOT NULL COMMENT 'id del operador que otorga la extension del expediente',
  `fecha` datetime DEFAULT NULL COMMENT 'Fecha elaborado',
  `efecha` datetime DEFAULT NULL COMMENT 'Fecha de extension',
  `feschasis` timestamp NULL DEFAULT CURRENT_TIMESTAMP COMMENT 'fecha del sistema creado',
  `status` int(11) DEFAULT NULL COMMENT 'borrado lógico \n0:activo\n1:borrado',
  PRIMARY KEY (`id`,`id_op`),
  UNIQUE KEY `id_UNIQUE` (`id`),
  KEY `fk_extension_Expediente1_idx` (`id_exp`),
  KEY `fk_extension_Persona1_idx` (`id_op`)
) ENGINE=InnoDB DEFAULT CHARSET=utf8 AUTO_INCREMENT=1 ;

-- --------------------------------------------------------

--
-- Estructura de tabla para la tabla `involucrados`
--

CREATE TABLE IF NOT EXISTS `involucrados` (
  `id` int(11) NOT NULL AUTO_INCREMENT,
  `id_persona` int(11) NOT NULL,
  `id_exp` int(11) NOT NULL,
  `id_tiporol` int(11) NOT NULL COMMENT 'Es el tipo o rol que tiene el involucrado.',
  `fecha` timestamp NULL DEFAULT CURRENT_TIMESTAMP COMMENT 'fecha donde se incluyen',
  `status` int(11) NOT NULL COMMENT 'Estatus de los involucrados\n1 activo\n0 inactivo',
  PRIMARY KEY (`id`),
  UNIQUE KEY `id_UNIQUE` (`id`),
  KEY `fk_involucrados_Persona1_idx` (`id_persona`),
  KEY `fk_involucrados_Expediente1_idx` (`id_exp`),
  KEY `fk_involucrados_rolinvolucrado1_idx` (`id_tiporol`)
) ENGINE=InnoDB  DEFAULT CHARSET=utf8 AUTO_INCREMENT=7 ;

--
-- Volcado de datos para la tabla `involucrados`
--

INSERT INTO `involucrados` (`id`, `id_persona`, `id_exp`, `id_tiporol`, `fecha`, `status`) VALUES
(1, 12, 1, 2, '2017-08-31 22:43:31', 1),
(2, 29, 1, 1, '2017-08-31 22:43:31', 1),
(3, 12, 2, 2, '2017-09-01 01:56:10', 1),
(4, 93, 2, 1, '2017-09-01 01:56:10', 1),
(5, 12, 3, 2, '2017-09-01 02:22:30', 1),
(6, 47, 3, 1, '2017-09-01 02:22:30', 1);

-- --------------------------------------------------------

--
-- Estructura de tabla para la tabla `modulo`
--

CREATE TABLE IF NOT EXISTS `modulo` (
  `idmodulo` int(11) NOT NULL AUTO_INCREMENT COMMENT 'Identificador único de la tabla',
  `modulo` varchar(45) DEFAULT NULL COMMENT 'EXTERNOS\nOFICIALIA DE PARTES\nSECRETARIA DE ACUERDOS\nPROYECTISTA\nAMPAROS\nMAGISTRADO',
  `descripcion` varchar(45) DEFAULT NULL COMMENT 'Descripcion del modulo ',
  `fechasis` timestamp NULL DEFAULT CURRENT_TIMESTAMP COMMENT 'fecha del sistema la cual marca el día y hora de aceptación y elaboración del expediente',
  `status` int(11) DEFAULT NULL COMMENT 'Borrado lógico\n0: activo\n1: borrado lógico',
  PRIMARY KEY (`idmodulo`),
  UNIQUE KEY `idmodulo_UNIQUE` (`idmodulo`)
) ENGINE=InnoDB  DEFAULT CHARSET=utf8 AUTO_INCREMENT=9 ;

--
-- Volcado de datos para la tabla `modulo`
--

INSERT INTO `modulo` (`idmodulo`, `modulo`, `descripcion`, `fechasis`, `status`) VALUES
(1, 'Ciudadano', 'Usuarios externos al sistema', '2017-03-05 02:13:08', 0),
(2, 'Oficialia de Partes', 'Usuario interno', '2017-03-05 02:13:08', 0),
(3, 'Secretaria de Acuerdos', 'Usuario interno', '2017-03-05 02:13:08', 0),
(4, 'Actuarios', 'Usuario interno', '2017-03-05 02:13:08', 0),
(5, 'Proyectos de Sentencias', 'Usuario interno', '2017-03-05 02:13:08', 0),
(6, 'Magistrado', 'Usuario interno', '2017-03-05 02:13:08', 0),
(7, 'Amparos', 'Usuario interno', '2017-03-05 02:13:08', 0),
(8, 'Administrador del Sistema', 'Usuario interno', '2017-03-05 13:02:30', 0);

-- --------------------------------------------------------

--
-- Estructura de tabla para la tabla `notificacion`
--

CREATE TABLE IF NOT EXISTS `notificacion` (
  `id` int(11) NOT NULL AUTO_INCREMENT COMMENT 'control de tabla',
  `id_ac` int(11) NOT NULL COMMENT 'id del actuario',
  `id_destper` int(11) NOT NULL COMMENT 'Persona a notificar',
  `id_exp` int(11) NOT NULL COMMENT 'Expediente ',
  `id_anexo` int(11) NOT NULL COMMENT 'anexo que notifica',
  `fechacreado` timestamp NULL DEFAULT CURRENT_TIMESTAMP,
  `fechasol` timestamp NULL DEFAULT NULL COMMENT 'fecha de solicitud',
  `fechalimite` timestamp NULL DEFAULT NULL COMMENT 'fecha limite para subir documento',
  `autosub` int(11) DEFAULT NULL COMMENT '1: autorizado para subir\n0: denegado para subir\n',
  PRIMARY KEY (`id`),
  UNIQUE KEY `id_UNIQUE` (`id`),
  KEY `fk_autoriza_Persona1_idx` (`id_ac`),
  KEY `fk_autoriza_Persona2_idx` (`id_destper`),
  KEY `fk_autoriza_Expediente1_idx` (`id_exp`),
  KEY `fk_autoriza_AnexoPDF1_idx` (`id_anexo`)
) ENGINE=InnoDB  DEFAULT CHARSET=utf8 AUTO_INCREMENT=5 ;

--
-- Volcado de datos para la tabla `notificacion`
--

INSERT INTO `notificacion` (`id`, `id_ac`, `id_destper`, `id_exp`, `id_anexo`, `fechacreado`, `fechasol`, `fechalimite`, `autosub`) VALUES
(1, 5, 12, 1, 3, '2017-08-31 22:47:26', '1970-01-01 07:00:00', '2017-08-31 07:00:00', 1),
(2, 5, 29, 1, 3, '2017-08-31 22:47:26', '1970-01-01 07:00:00', '2017-08-31 07:00:00', 1),
(3, 5, 12, 2, 8, '2017-09-01 02:03:03', '1970-01-01 07:00:00', '2017-09-01 07:00:00', 1),
(4, 5, 93, 2, 8, '2017-09-01 02:03:03', '1970-01-01 07:00:00', '2017-09-01 07:00:00', 1);

-- --------------------------------------------------------

--
-- Estructura de tabla para la tabla `persona`
--

CREATE TABLE IF NOT EXISTS `persona` (
  `id` int(11) NOT NULL AUTO_INCREMENT,
  `RazonSocial` varchar(100) DEFAULT NULL,
  `Nombre` varchar(45) DEFAULT NULL,
  `Apat` varchar(45) DEFAULT NULL,
  `Amat` varchar(45) DEFAULT NULL,
  `Tel` varchar(45) DEFAULT NULL,
  `Cel` varchar(45) DEFAULT NULL,
  `Email` varchar(45) DEFAULT NULL,
  `CURP` varchar(45) DEFAULT NULL,
  `TipodePersona` varchar(45) DEFAULT NULL,
  `IDoficial` varchar(45) DEFAULT NULL,
  `NumeroIDOficial` varchar(45) DEFAULT NULL,
  `Cuentaelectronica` varchar(45) DEFAULT NULL,
  `Usuario` varchar(45) DEFAULT NULL,
  `Password` blob,
  `fechado` timestamp NULL DEFAULT CURRENT_TIMESTAMP,
  PRIMARY KEY (`id`),
  UNIQUE KEY `id_UNIQUE` (`id`)
) ENGINE=InnoDB  DEFAULT CHARSET=utf8 AUTO_INCREMENT=121 ;

--
-- Volcado de datos para la tabla `persona`
--

INSERT INTO `persona` (`id`, `RazonSocial`, `Nombre`, `Apat`, `Amat`, `Tel`, `Cel`, `Email`, `CURP`, `TipodePersona`, `IDoficial`, `NumeroIDOficial`, `Cuentaelectronica`, `Usuario`, `Password`, `fechado`) VALUES
(1, NULL, 'Antonio', 'Moreno', 'Jáuregui', '3150021', '3121316325', 'ingantonmor@gmail.com', 'MOJA841127HCMRRN02', 'FISICA', '', '123456879', NULL, 'ingantonmor@gmail.com', 0xbb64810e96115979ac57e358f6bafba8, NULL),
(2, NULL, 'OFICIAL DE PARTES', 'No.', '1', '3121830', '3121319564', 'oficialpartes@sisede.tcacolima.com', NULL, 'FISICA', 'INE', '321222222', NULL, 'oficialpartes@sisede.tcacolima.com', 0xb535ea24715fa6764eaccb659e8cc809, NULL),
(3, NULL, 'SECRETARIO DE ACUERDOS', 'No.', '1', NULL, '3121336920', 'sacuerdo1@sisede.tcacolima.com', NULL, 'FISICA', NULL, NULL, NULL, 'sacuerdo1@sisede.tcacolima.com', 0xb535ea24715fa6764eaccb659e8cc809, NULL),
(4, NULL, 'SECRETARIO DE ACUERDOS', 'No.', '2', NULL, '3121324044', 'sacuerdo2@sisede.tcacolima.com', NULL, 'FISICA', NULL, NULL, NULL, 'sacuerdo2@sisede.tcacolima.com', 0xb535ea24715fa6764eaccb659e8cc809, NULL),
(5, NULL, 'ACTUARIO', 'No.', '1', NULL, '3121046253', 'actuaria1@sisede.tcacolima.com', NULL, 'FISICA', NULL, NULL, NULL, 'actuaria1@sisede.tcacolima.com', 0xb535ea24715fa6764eaccb659e8cc809, NULL),
(6, NULL, 'ACTUARIO', 'No.', '2', NULL, '3121037327', 'actuaria2@sisede.tcacolima.com', NULL, 'FISICA', NULL, NULL, NULL, 'actuaria2@sisede.tcacolima.com', 0xb535ea24715fa6764eaccb659e8cc809, NULL),
(7, NULL, 'PROYECTISTA', 'No.', '1', NULL, '3121095386', 'proyectista@sisede.tcacolima.com', NULL, 'FISICA', NULL, NULL, NULL, 'proyectista@sisede.tcacolima.com', 0xb535ea24715fa6764eaccb659e8cc809, NULL),
(8, NULL, 'PROYECTISTA', 'No.', '2', NULL, '3123399877', 'proyectista2@sisede.tcacolima.com', NULL, 'FISICA', NULL, NULL, NULL, 'proyectista2@sisede.tcacolima.com', 0xb535ea24715fa6764eaccb659e8cc809, NULL),
(9, NULL, 'AMPAROS', 'No.', '1', NULL, '3121131796', 'amparos@sisede.tcacolima.com', NULL, 'FISICA', NULL, NULL, NULL, 'amparos@sisede.tcacolima.com', 0xb535ea24715fa6764eaccb659e8cc809, NULL),
(10, NULL, 'MAGISTRADO', 'No.', '1', NULL, '3129439949', 'magistrado@sisede.tcacolima.com', NULL, 'FISICA', NULL, NULL, NULL, 'magistrado@sisede.tcacolima.com', 0xb535ea24715fa6764eaccb659e8cc809, NULL),
(11, 'Director de Tránsito y Vialidad del H. Ayuntamiento Constitucional de Colima', 'JOSE', 'PEREZ', 'CANTU', NULL, NULL, NULL, NULL, 'INSTITUCION', NULL, NULL, NULL, 'transito', 0x74657374, NULL),
(12, NULL, 'JAVIER', 'MORENO', 'MENDOZA', NULL, NULL, 'recartcolima@hotmail.com', 'MOMJ540626HCMRNV00', 'FISICA', NULL, NULL, NULL, 'recartcolima@hotmail.com', 0xb535ea24715fa6764eaccb659e8cc809, NULL),
(13, 'Dirección de Transporte de Gobierno', 'JOAQUIN', 'MACHUCA', 'LIVIER', NULL, NULL, NULL, NULL, 'INSTITUCION', NULL, NULL, NULL, 'transporte', 0x74657374, NULL),
(14, NULL, 'JUAN', 'SALAZAR', 'OCHOA', NULL, NULL, NULL, NULL, NULL, NULL, NULL, NULL, NULL, NULL, NULL),
(15, 'Tesorero del H. Ayuntamiento Constitucional de Colima', NULL, NULL, NULL, NULL, NULL, NULL, NULL, 'INSTITUCION', NULL, NULL, NULL, NULL, NULL, NULL),
(16, 'H. Ayuntamiento Constitucional de Colima', NULL, NULL, NULL, NULL, NULL, NULL, NULL, 'INSTITUCION', NULL, NULL, NULL, NULL, NULL, NULL),
(17, 'H. Ayuntamiento Constitucional de Villa de Álvarez', NULL, NULL, NULL, NULL, NULL, NULL, NULL, 'INSTITUCION', NULL, NULL, NULL, NULL, NULL, NULL),
(18, 'Director de Seguridad Pública  del H. Ayuntamiento Constitucional de Villa de Álvarez', NULL, NULL, NULL, NULL, NULL, NULL, NULL, 'INSTITUCION', NULL, NULL, NULL, NULL, NULL, NULL),
(19, 'Presidente del H. Ayuntamiento Constitucional de Armería', NULL, NULL, NULL, NULL, NULL, NULL, NULL, 'INSTITUCION', NULL, NULL, NULL, NULL, NULL, NULL),
(20, 'Director de  Seguridad Pública del H. Ayuntamiento Constitucional de Tecomán', NULL, NULL, NULL, NULL, NULL, NULL, NULL, 'INSTITUCION', NULL, NULL, NULL, NULL, NULL, NULL),
(21, 'Tesorero  del  H.  Ayuntamiento Constitucional de Villa de Álvarez', NULL, NULL, NULL, NULL, NULL, NULL, NULL, 'INSTITUCION', NULL, NULL, NULL, NULL, NULL, NULL),
(22, 'Director de Desarrollo Urbano  y Ecología de H. Ayuntamiento Constitucional de Colima ', NULL, NULL, NULL, NULL, NULL, NULL, NULL, 'INSTITUCION', NULL, NULL, NULL, NULL, NULL, NULL),
(23, 'H. Ayuntamiento Constitucional de Coquimatlán', NULL, NULL, NULL, NULL, NULL, NULL, NULL, 'INSTITUCION', NULL, NULL, NULL, NULL, NULL, NULL),
(24, 'H. Ayuntamiento Constitucional de Manzanillo', NULL, NULL, NULL, NULL, NULL, NULL, NULL, 'INSTITUCION', NULL, NULL, NULL, NULL, NULL, NULL),
(25, 'Tesorero del H. Ayuntamiento Constitucional de Armería', NULL, NULL, NULL, NULL, NULL, NULL, NULL, 'INSTITUCION', NULL, NULL, NULL, NULL, NULL, NULL),
(26, 'Presidente del H. Ayuntamiento Constitucional de  Colima ', NULL, NULL, NULL, NULL, NULL, NULL, NULL, 'INSTITUCION', NULL, NULL, NULL, NULL, NULL, NULL),
(27, 'Director de Inspección y Licencias del Municipio de Colima', NULL, NULL, NULL, NULL, NULL, NULL, NULL, 'INSTITUCION', NULL, NULL, NULL, NULL, NULL, NULL),
(28, 'Presidente del H. Ayuntamiento Constitucional de Manzanillo ', NULL, NULL, NULL, NULL, NULL, NULL, NULL, 'INSTITUCION', NULL, NULL, NULL, NULL, NULL, NULL),
(29, 'Director de Ingresos del H. Ayuntamiento Constitucional de Colima', NULL, NULL, NULL, NULL, NULL, NULL, NULL, 'INSTITUCION', NULL, NULL, NULL, NULL, NULL, NULL),
(30, 'Director de Desarrollo Urbano y Ecología del Ayuntamiento de Manzanillo ', NULL, NULL, NULL, NULL, NULL, NULL, NULL, 'INSTITUCION', NULL, NULL, NULL, NULL, NULL, NULL),
(31, 'Secretario del H. Ayuntamiento Constitucional de Colima ', NULL, NULL, NULL, NULL, NULL, NULL, NULL, 'INSTITUCION', NULL, NULL, NULL, NULL, NULL, NULL),
(32, 'Tesorero del H. Ayuntamiento Constitucional de Manzanillo ', NULL, NULL, NULL, NULL, NULL, NULL, NULL, 'INSTITUCION', NULL, NULL, NULL, NULL, NULL, NULL),
(33, 'H. Ayuntamiento Constitucional de Tecomán ', NULL, NULL, NULL, NULL, NULL, NULL, NULL, 'INSTITUCION', NULL, NULL, NULL, NULL, NULL, NULL),
(34, 'Tesorero del H. Ayuntamiento Constitucional de Tecomán ', NULL, NULL, NULL, NULL, NULL, NULL, NULL, 'INSTITUCION', NULL, NULL, NULL, NULL, NULL, NULL),
(35, 'Director General de Catastro del Municipio de Colima ', NULL, NULL, NULL, NULL, NULL, 'recart.moreno@gmail.com', NULL, 'INSTITUCION', NULL, NULL, NULL, NULL, NULL, NULL),
(36, 'Presidente del H. Ayuntamiento de Villa de Álvarez', NULL, NULL, NULL, NULL, NULL, NULL, NULL, 'INSTITUCION', NULL, NULL, NULL, NULL, NULL, NULL),
(37, 'Síndico del H. Ayuntamiento Constitucional de Colima ', NULL, NULL, NULL, NULL, NULL, NULL, NULL, 'INSTITUCION', NULL, NULL, NULL, NULL, NULL, NULL),
(38, 'Director de Seguridad Pública de Armería', NULL, NULL, NULL, NULL, NULL, NULL, NULL, 'INSTITUCION', NULL, NULL, NULL, NULL, NULL, NULL),
(39, 'Secretario  General  del  H.  Ayuntamiento  Constitucional de Villa de Álvarez ', NULL, NULL, NULL, NULL, NULL, NULL, NULL, 'INSTITUCION', NULL, NULL, NULL, NULL, NULL, NULL),
(40, 'Secretario del Ayuntamiento Constitucional de Armería ', NULL, NULL, NULL, NULL, NULL, NULL, NULL, 'INSTITUCION', NULL, NULL, NULL, NULL, NULL, NULL),
(41, 'Presidente del H. Ayuntamiento  Constitucional de Minatitlán', NULL, NULL, NULL, NULL, NULL, NULL, NULL, 'INSTITUCION', NULL, NULL, NULL, NULL, NULL, NULL),
(42, 'Director  de  Seguridad  Pública  del  H.  Ayuntamiento  de  Coquimatlán', NULL, NULL, NULL, NULL, NULL, NULL, NULL, 'INSTITUCION', NULL, NULL, NULL, NULL, NULL, NULL),
(43, 'Director de Tránsito y Vialidad de Armería', NULL, NULL, NULL, NULL, NULL, 'iscjuanmafa@gmail.com', NULL, 'INSTITUCION', NULL, NULL, NULL, NULL, NULL, NULL),
(44, 'H. Ayuntamiento Constitucional de Ixtlahuacán ', NULL, NULL, NULL, NULL, NULL, NULL, NULL, 'INSTITUCION', NULL, NULL, NULL, NULL, NULL, NULL),
(45, 'Receptoría de Rentas de Villa de Álvarez', NULL, NULL, NULL, NULL, NULL, NULL, NULL, 'INSTITUCION', NULL, NULL, NULL, NULL, NULL, NULL),
(46, 'Presidente del H. Ayuntamiento Constitucional de Comala ', NULL, NULL, NULL, NULL, NULL, NULL, NULL, 'INSTITUCION', NULL, NULL, NULL, NULL, NULL, NULL),
(47, 'Director de Seguridad Pública y Vialidad de Manzanillo ', NULL, NULL, NULL, NULL, NULL, NULL, NULL, 'INSTITUCION', NULL, NULL, NULL, NULL, NULL, NULL),
(48, 'H. Cabildo del H. Ayuntamiento Constitucional de Colima ', NULL, NULL, NULL, NULL, NULL, NULL, NULL, 'INSTITUCION', NULL, NULL, NULL, NULL, NULL, NULL),
(49, 'Director de Ingresos del H. Ayuntamiento Constitucional de Colima', NULL, NULL, NULL, NULL, NULL, NULL, NULL, 'INSTITUCION', NULL, NULL, NULL, NULL, NULL, NULL),
(50, 'Director  de  Desarrollo Urbano y Ecología de Villa de Álvarez ', NULL, NULL, NULL, NULL, NULL, NULL, NULL, 'INSTITUCION', NULL, NULL, NULL, NULL, NULL, NULL),
(51, 'Director de Catastro de Villa de Álvarez', NULL, NULL, NULL, NULL, NULL, NULL, NULL, 'INSTITUCION', NULL, NULL, NULL, NULL, NULL, NULL),
(52, 'Secretario  del  H. Ayuntamiento  Constitucional de Manzanillo', NULL, NULL, NULL, NULL, NULL, NULL, NULL, 'INSTITUCION', NULL, NULL, NULL, NULL, NULL, NULL),
(53, 'Subdirector  de  Permisos, Licencias Vía Pública del  H. Ayuntamiento Constitucional de Tecomán ', NULL, NULL, NULL, NULL, NULL, NULL, NULL, 'INSTITUCION', NULL, NULL, NULL, NULL, NULL, NULL),
(54, 'Receptor de Rentas del H. Ayuntamiento Constitucional de Manzanillo  ', NULL, NULL, NULL, NULL, NULL, NULL, NULL, 'INSTITUCION', NULL, NULL, NULL, NULL, NULL, NULL),
(55, 'Cabildo  del  H.  Ayuntamiento  Constitucional  de  Villa  de  Álvarez', NULL, NULL, NULL, NULL, NULL, NULL, NULL, 'INSTITUCION', NULL, NULL, NULL, NULL, NULL, NULL),
(56, 'Director de Inspección y Licencias del H. Ayuntamiento Constitucional de Manzanillo ', NULL, NULL, NULL, NULL, NULL, NULL, NULL, 'INSTITUCION', NULL, NULL, NULL, NULL, NULL, NULL),
(57, 'Presidente Municipal del H. Ayuntamiento Constitucional de Coquimatlán ', NULL, NULL, NULL, NULL, NULL, NULL, NULL, 'INSTITUCION', NULL, NULL, NULL, NULL, NULL, NULL),
(58, 'Tesorero del H. Ayuntamiento Constitucional de Coquimatlán ', NULL, NULL, NULL, NULL, NULL, NULL, NULL, 'INSTITUCION', NULL, NULL, NULL, NULL, NULL, NULL),
(59, 'Secretario del H. Ayuntamiento Constitucional de Comala ', NULL, NULL, NULL, NULL, NULL, NULL, NULL, 'INSTITUCION', NULL, NULL, NULL, NULL, NULL, NULL),
(60, 'Director General de Servicios Públicos Municipales del H. Ayuntamiento Constitucional de Colima ', NULL, NULL, NULL, NULL, NULL, NULL, NULL, 'INSTITUCION', NULL, NULL, NULL, NULL, NULL, NULL),
(61, 'H. Ayuntamiento Constitucional de Cuauhtémoc ', NULL, NULL, NULL, NULL, NULL, NULL, NULL, 'INSTITUCION', NULL, NULL, NULL, NULL, NULL, NULL),
(62, 'Presidente Municipal del H. Ayuntamiento Constitucional de Cuauhtémoc ', NULL, NULL, NULL, NULL, NULL, NULL, NULL, 'INSTITUCION', NULL, NULL, NULL, NULL, NULL, NULL),
(63, 'Tesorero del H. Ayuntamiento Constitucional de Cuauhtémoc', NULL, NULL, NULL, NULL, NULL, NULL, NULL, 'INSTITUCION', NULL, NULL, NULL, NULL, NULL, NULL),
(64, 'Director de Ingresos del H. Ayuntamiento Constitucional de Villa de Álvarez ', NULL, NULL, NULL, NULL, NULL, NULL, NULL, 'INSTITUCION', NULL, NULL, NULL, NULL, NULL, NULL),
(65, 'Director  de  Inspección  y  Licencias  del  H.  Ayuntamiento  Constitucional de Manzanillo ', NULL, NULL, NULL, NULL, NULL, NULL, NULL, 'INSTITUCION', NULL, NULL, NULL, NULL, NULL, NULL),
(66, 'Presidente  Municipal  del  H. Ayuntamiento  Constitucional  de Coquimatlán ', NULL, NULL, NULL, NULL, NULL, NULL, NULL, 'INSTITUCION', NULL, NULL, NULL, NULL, NULL, NULL),
(67, 'Tesorero del H.Ayuntamiento Constitucional de Coquimatlán ', NULL, NULL, NULL, NULL, NULL, NULL, NULL, 'INSTITUCION', NULL, NULL, NULL, NULL, NULL, NULL),
(68, 'Cabildo del H. Ayuntamiento Constitucional de Comala ', NULL, NULL, NULL, NULL, NULL, NULL, NULL, 'INSTITUCION', NULL, NULL, NULL, NULL, NULL, NULL),
(69, 'Director de Inspección y Licencias del H. Ayuntamiento Constitucional de Manzanillo ', NULL, NULL, NULL, NULL, NULL, NULL, NULL, 'INSTITUCION', NULL, NULL, NULL, NULL, NULL, NULL),
(70, 'Presidente del H. Ayuntamiento Constitucional de Tecomán ', NULL, NULL, NULL, NULL, NULL, NULL, NULL, 'INSTITUCION', NULL, NULL, NULL, NULL, NULL, NULL),
(71, 'Cabildo del H. Ayuntamiento Constitucional de Armería ', NULL, NULL, NULL, NULL, NULL, NULL, NULL, 'INSTITUCION', NULL, NULL, NULL, NULL, NULL, NULL),
(72, 'H. Ayuntamiento Constitucional de Armería ', NULL, NULL, NULL, NULL, NULL, NULL, NULL, 'INSTITUCION', NULL, NULL, NULL, NULL, NULL, NULL),
(73, 'Director de Catastro del H. Ayuntamiento Constitucional de Armería ', NULL, NULL, NULL, NULL, NULL, NULL, NULL, 'INSTITUCION', NULL, NULL, NULL, NULL, NULL, NULL),
(74, 'Consejo de Honor y de Justicia del H. Ayuntamiento Constitucional de Manzanillo ', NULL, NULL, NULL, NULL, NULL, NULL, NULL, 'INSTITUCION', NULL, NULL, NULL, NULL, NULL, NULL),
(75, 'Director de Catastro del H. Ayuntamiento Constitucional de Manzanillo ', NULL, NULL, NULL, NULL, NULL, NULL, NULL, 'INSTITUCION', NULL, NULL, NULL, NULL, NULL, NULL),
(76, 'Director de Catastro del H. Ayuntamiento Constitucional de Cuauhtémoc ', NULL, NULL, NULL, NULL, NULL, NULL, NULL, 'INSTITUCION', NULL, NULL, NULL, NULL, NULL, NULL),
(77, 'Presidente Municipal del H. Ayuntamiento Constitucional de Cuauhtémoc', NULL, NULL, NULL, NULL, NULL, NULL, NULL, 'INSTITUCION', NULL, NULL, NULL, NULL, NULL, NULL),
(78, 'Tesorero del H. Ayuntamiento Constitucional de Cuauhtémoc ', NULL, NULL, NULL, NULL, NULL, NULL, NULL, 'INSTITUCION', NULL, NULL, NULL, NULL, NULL, NULL),
(79, 'H. Ayuntamiento Constitucional de Cuauhtémoc ', NULL, NULL, NULL, NULL, NULL, NULL, NULL, 'INSTITUCION', NULL, NULL, NULL, NULL, NULL, NULL),
(80, 'Tesorero del H. Ayuntamiento Constitucional de Coquimatlán ', NULL, NULL, NULL, NULL, NULL, NULL, NULL, 'INSTITUCION', NULL, NULL, NULL, NULL, NULL, NULL),
(81, 'Presidente Municipal del H. Ayuntamiento Constitucional de Tecomán ', NULL, NULL, NULL, NULL, NULL, NULL, NULL, 'INSTITUCION', NULL, NULL, NULL, NULL, NULL, NULL),
(82, 'Presidente Municipal del H. Ayuntamiento Constitucional de Ixtlahuacán', NULL, NULL, NULL, NULL, NULL, NULL, NULL, 'INSTITUCION', NULL, NULL, NULL, NULL, NULL, NULL),
(83, 'Oficina Catastral del H. Ayuntamiento Constitucional de Colima ', NULL, NULL, NULL, NULL, NULL, NULL, NULL, 'INSTITUCION', NULL, NULL, NULL, NULL, NULL, NULL),
(84, 'Director de Desarrollo Urbano del H. Ayuntamiento Constitucional de Colima ', NULL, NULL, NULL, NULL, NULL, NULL, NULL, 'INSTITUCION', NULL, NULL, NULL, NULL, NULL, NULL),
(85, 'Director de Ingresos del H. Ayuntamiento Constitucional de Colima ', NULL, NULL, NULL, NULL, NULL, NULL, NULL, 'INSTITUCION', NULL, NULL, NULL, NULL, NULL, NULL),
(86, 'Receptor de Rentas del H. Ayuntamiento Constitucional de Tecomán', NULL, NULL, NULL, NULL, NULL, NULL, NULL, 'INSTITUCION', NULL, NULL, NULL, NULL, NULL, NULL),
(87, 'Dirección de Transporte de Gobierno', NULL, NULL, NULL, NULL, NULL, NULL, NULL, 'INSTITUCION', NULL, NULL, NULL, NULL, NULL, NULL),
(88, 'Dirección de Ingresos del Gobierno del Estado de Colima', NULL, NULL, NULL, NULL, NULL, NULL, NULL, 'INSTITUCION', NULL, NULL, NULL, NULL, NULL, NULL),
(89, 'Centro de Desarrollo Educativo de Colima A.C.', NULL, NULL, NULL, NULL, NULL, NULL, NULL, 'INSTITUCION', NULL, NULL, NULL, NULL, NULL, NULL),
(90, 'Secretaría General del Gobierno del Estado de Colima ', NULL, NULL, NULL, NULL, NULL, NULL, NULL, 'INSTITUCION', NULL, NULL, NULL, NULL, NULL, NULL),
(91, 'Secretaría de Salud y Previsión Social ', NULL, NULL, NULL, NULL, NULL, NULL, NULL, 'INSTITUCION', NULL, NULL, NULL, NULL, NULL, NULL),
(92, 'Secretario de Finanzas del Gobierno del Estado', NULL, NULL, NULL, NULL, NULL, NULL, NULL, 'INSTITUCION', NULL, NULL, NULL, NULL, NULL, NULL),
(93, 'Secretario de Educación del Gobierno del Estado', NULL, NULL, NULL, NULL, NULL, NULL, NULL, 'INSTITUCION', NULL, NULL, NULL, NULL, NULL, NULL),
(94, 'Director del Registro Público de la Propiedad', NULL, NULL, NULL, NULL, NULL, NULL, NULL, 'INSTITUCION', NULL, NULL, NULL, NULL, NULL, NULL),
(95, 'Gobernador Constitucional del Estado', NULL, NULL, NULL, NULL, NULL, NULL, NULL, 'INSTITUCION', NULL, NULL, NULL, NULL, NULL, NULL),
(96, 'Procuraduría General de Justicia del Estado', NULL, NULL, NULL, NULL, NULL, NULL, NULL, 'INSTITUCION', NULL, NULL, NULL, NULL, NULL, NULL),
(97, NULL, 'CIUDADANO', 'No.', '1', NULL, NULL, 'recart.moreno@gmail.com', NULL, 'FISICA', NULL, NULL, NULL, 'c1@cu.com', 0xb535ea24715fa6764eaccb659e8cc809, NULL),
(98, NULL, 'CIUDADANO', 'No.', '2', NULL, NULL, NULL, NULL, 'FISICA', NULL, NULL, NULL, NULL, NULL, NULL),
(99, NULL, 'CIUDADANO', 'No.', '3', NULL, NULL, NULL, NULL, 'FISICA', NULL, NULL, NULL, NULL, NULL, NULL),
(100, NULL, 'CIUDADANO', 'No.', '4', NULL, NULL, NULL, NULL, 'FISICA', NULL, NULL, NULL, NULL, NULL, NULL),
(101, NULL, 'CIUDADANO', 'No.', '5', NULL, NULL, NULL, NULL, 'FISICA', NULL, NULL, NULL, NULL, NULL, NULL),
(102, NULL, 'CIUDADANO', 'No.', '6', NULL, NULL, NULL, NULL, 'FISICA', NULL, NULL, NULL, NULL, NULL, NULL),
(103, NULL, 'CIUDADANO', 'No.', '7', NULL, NULL, NULL, NULL, 'FISICA', NULL, NULL, NULL, NULL, NULL, NULL),
(104, NULL, 'CIUDADANO', 'No.', '8', NULL, NULL, NULL, NULL, 'FISICA', NULL, NULL, NULL, NULL, NULL, NULL),
(105, NULL, 'CIUDADANO', 'No.', '9', NULL, NULL, NULL, NULL, 'FISICA', NULL, NULL, NULL, NULL, NULL, NULL),
(106, NULL, 'CIUDADANO', 'No.', '10', NULL, NULL, NULL, NULL, 'FISICA', NULL, NULL, NULL, NULL, NULL, NULL),
(107, NULL, 'CIUDADANO', 'No.', '11', NULL, NULL, NULL, NULL, 'FISICA', NULL, NULL, NULL, NULL, NULL, NULL),
(108, '', 'Ciudadano', '1000', '8000', '3282040', '3121316325', 'anton_mor@hotmail.com', 'MOJA841127HCMRRN02', 'Fisica', 'Credencial INE', '123456', NULL, 'c2@cu.com', 0xb535ea24715fa6764eaccb659e8cc809, NULL),
(109, '', 'ciudadano', '192', '822', '312222', '323232', 'c3@cu.com', 'moja83232', 'Fisica', 'Credencial INE', '12321232', NULL, 'c3@cu.com', 0xb535ea24715fa6764eaccb659e8cc809, NULL),
(110, '', 'MAYRA SELENE', 'BARRETO', 'ZAMORA', '', '', 'anton_mor@hotmail.com', '', 'Fisica', 'Credencial INE', '', NULL, 'anton_mor@hotmail.com', 0xb535ea24715fa6764eaccb659e8cc809, '2017-08-23 17:17:38'),
(111, '', 'Josue', 'Moreno', 'Lopez', '', '', 'amoreno@cetis157.edu.mx', '', 'Fisica', 'Credencial INE', '12435678910', NULL, 'amoreno@cetis157.edu.mx', 0xb535ea24715fa6764eaccb659e8cc809, '2017-08-23 19:05:21'),
(112, '', 'ferg', 'gert', 'rese', '', '', '', 'MOJA841127HCMRRN02', 'Fisica', 'Credencial INE', '', NULL, '', 0x471a45dd6d7acd0e5607a50eba5c2954, '2017-08-24 18:13:36'),
(113, '', 'fere', 'rereas', 'qwed', '', '', '', 'MOJA841127HCMRRN02', 'Fisica', 'Credencial INE', '', NULL, '', 0x471a45dd6d7acd0e5607a50eba5c2954, '2017-08-24 18:14:46'),
(114, '', 'pp', 'badus', 'cerruts', '', '', '', 'PPDEKERM1293', 'Fisica', 'Credencial INE', '', NULL, '', 0x471a45dd6d7acd0e5607a50eba5c2954, '2017-08-24 18:16:14'),
(115, '', 'Josue', 'peres', 'bernabel', '', '', '', '', 'Fisica', 'Credencial INE', '', NULL, '', 0x471a45dd6d7acd0e5607a50eba5c2954, '2017-08-24 19:46:57'),
(116, '', 'pepe', 'gallardo', 'perez', '', '', '', 'fefofl', 'Fisica', 'Credencial INE', '', NULL, '', 0x471a45dd6d7acd0e5607a50eba5c2954, '2017-08-24 19:51:57'),
(117, '', '', '', '', '', '', '', '', 'Fisica', 'Credencial INE', '', NULL, '', 0x471a45dd6d7acd0e5607a50eba5c2954, '2017-08-24 20:02:49'),
(118, '', '', '', '', '', '', '', '', 'Fisica', 'Credencial INE', '', NULL, '', 0x471a45dd6d7acd0e5607a50eba5c2954, '2017-08-24 20:03:35'),
(119, '', 'de', 'der', 're', '', '', '', '', 'Fisica', 'Credencial INE', '', NULL, '', 0x471a45dd6d7acd0e5607a50eba5c2954, '2017-08-24 20:04:05'),
(120, '', 'Antonio', 'moreno', 'jauregui', '', '', 'cmoreno@cetis157.edu.mx', 'MOJA851127HCMRRN02', 'Fisica', 'Credencial INE', '', NULL, '', 0x471a45dd6d7acd0e5607a50eba5c2954, '2017-08-25 18:42:49');

-- --------------------------------------------------------

--
-- Estructura de tabla para la tabla `promocion`
--

CREATE TABLE IF NOT EXISTS `promocion` (
  `id` int(11) NOT NULL AUTO_INCREMENT COMMENT 'control de la tabla',
  `id_Expediente` int(11) NOT NULL COMMENT 'id del expediente',
  `id_Pcrea` int(11) NOT NULL COMMENT 'Persona que crea redactando un documento, promoción, demanda, entre otros.',
  `id_Anexopdf` int(11) NOT NULL,
  `Fecha` datetime NOT NULL COMMENT 'Fecha y hora en que se inicia a redactar.',
  `Redaccion` longtext NOT NULL COMMENT 'Redacción de las promociones.',
  `Status` int(11) NOT NULL COMMENT 'Eliminación lógica.',
  `Status1` int(11) NOT NULL COMMENT 'Validado por magistrado',
  PRIMARY KEY (`id`,`id_Expediente`,`id_Pcrea`),
  UNIQUE KEY `id_UNIQUE` (`id`),
  KEY `fk_Persona_has_Expediente_Expediente1_idx` (`id_Expediente`),
  KEY `fk_Redacta_Persona1_idx` (`id_Pcrea`),
  KEY `fk_Promocion_AnexoPDF1_idx` (`id_Anexopdf`)
) ENGINE=InnoDB DEFAULT CHARSET=utf8 AUTO_INCREMENT=1 ;

-- --------------------------------------------------------

--
-- Estructura de tabla para la tabla `proyectos`
--

CREATE TABLE IF NOT EXISTS `proyectos` (
  `id_proy` int(11) NOT NULL,
  `nombre` varchar(50) NOT NULL,
  `folder` varchar(50) NOT NULL,
  `expediente` int(11) NOT NULL,
  `usuario` int(11) NOT NULL,
  `estado` int(11) NOT NULL,
  `fecha_creacion` timestamp NOT NULL DEFAULT CURRENT_TIMESTAMP,
  `comentarios` text
) ENGINE=InnoDB DEFAULT CHARSET=utf8 COMMENT='En esta tabla se almacena la información de los proyectos';

--
-- Volcado de datos para la tabla `proyectos`
--

INSERT INTO `proyectos` (`id_proy`, `nombre`, `folder`, `expediente`, `usuario`, `estado`, `fecha_creacion`, `comentarios`) VALUES
(0, '122082017.tca', 'Proyectos/Redactados/', 1, 7, 1, '2017-08-23 04:23:04', 'dwdsdaas'),
(0, '122082017.tca', 'Proyectos/Redactados/', 1, 7, 1, '2017-08-23 04:42:10', 'dwdsdaas'),
(0, '123082017.tca', 'Proyectos/Redactados/', 1, 7, 3, '2017-08-23 05:02:28', 'sadasdasdas'),
(0, '623082017.tca', 'Proyectos/Redactados/', 6, 7, 3, '2017-08-23 19:28:27', 'asdasadsads');

-- --------------------------------------------------------

--
-- Estructura de tabla para la tabla `relacionpersona`
--

CREATE TABLE IF NOT EXISTS `relacionpersona` (
  `id` int(11) NOT NULL AUTO_INCREMENT COMMENT 'id de la tabla relación persona',
  `id_Persona` int(11) NOT NULL COMMENT 'id de la persona que necesita un representante legal puede ser una institución, una persona física él cual contrate un abogado para llevar acabo su litigio.',
  `id_Representante` int(11) NOT NULL COMMENT 'id de la persona  que tendrá función de representante legal ante una empresa o una institución.',
  `Fecha_creaRelacion` datetime DEFAULT NULL COMMENT 'Fecha en que se crea la relación',
  `Fecha_venceRelacion` datetime DEFAULT NULL COMMENT 'Fecha en la cual vence la relación y éste.',
  `Desc` longtext COMMENT 'Descripción de ésta relación o alguna anotación.',
  `StatusRelacion` varchar(45) DEFAULT NULL COMMENT '0: no tiene relación o venció ',
  `Status` varchar(45) DEFAULT NULL COMMENT 'Borrado lógico',
  PRIMARY KEY (`id`),
  UNIQUE KEY `id_UNIQUE` (`id`),
  KEY `fk_Persona_has_Persona_Persona2_idx` (`id_Representante`),
  KEY `fk_Persona_has_Persona_Persona1_idx` (`id_Persona`)
) ENGINE=InnoDB DEFAULT CHARSET=utf8 AUTO_INCREMENT=1 ;

-- --------------------------------------------------------

--
-- Estructura de tabla para la tabla `rol`
--

CREATE TABLE IF NOT EXISTS `rol` (
  `idRoles` int(11) NOT NULL AUTO_INCREMENT,
  `Tipo` varchar(45) DEFAULT NULL,
  `idmodulo` int(11) NOT NULL,
  PRIMARY KEY (`idRoles`),
  KEY `fk_Modulo1_idx` (`idmodulo`)
) ENGINE=InnoDB  DEFAULT CHARSET=utf8 AUTO_INCREMENT=9 ;

--
-- Volcado de datos para la tabla `rol`
--

INSERT INTO `rol` (`idRoles`, `Tipo`, `idmodulo`) VALUES
(1, 'Administrador', 0),
(2, 'Oficial de Partes', 0),
(3, 'Secretario de Acuerdos', 0),
(4, 'Proyectista', 0),
(5, 'Actuario', 0),
(6, 'Magistrado', 0),
(7, 'Usuario', 0),
(8, 'Institución', 0);

-- --------------------------------------------------------

--
-- Estructura de tabla para la tabla `rolesperiodo`
--

CREATE TABLE IF NOT EXISTS `rolesperiodo` (
  `id` int(11) NOT NULL AUTO_INCREMENT COMMENT 'Control de tabla',
  `idPersona` int(11) NOT NULL COMMENT 'Persona',
  `idRoles` int(11) NOT NULL COMMENT 'Relación con la tabla de roles',
  `Fecha` timestamp NOT NULL DEFAULT CURRENT_TIMESTAMP COMMENT 'Periodo del tipo de rol',
  `Status` int(11) NOT NULL COMMENT '0: Inactivo\n1: Activo',
  PRIMARY KEY (`id`),
  KEY `fk_Personas_has_Roles_Personas_idx` (`idPersona`),
  KEY `fk_Personas_has_Roles_Roles1_idx` (`idRoles`)
) ENGINE=InnoDB  DEFAULT CHARSET=utf8 AUTO_INCREMENT=122 ;

--
-- Volcado de datos para la tabla `rolesperiodo`
--

INSERT INTO `rolesperiodo` (`id`, `idPersona`, `idRoles`, `Fecha`, `Status`) VALUES
(1, 1, 1, '2016-07-21 05:00:00', 1),
(2, 1, 2, '0000-00-00 00:00:00', 0),
(4, 2, 2, '2016-08-05 05:00:00', 1),
(5, 3, 3, '2016-08-05 05:00:00', 1),
(6, 4, 3, '2016-08-05 05:00:00', 1),
(7, 5, 5, '2016-08-05 05:00:00', 1),
(8, 6, 5, '2016-08-05 05:00:00', 1),
(9, 7, 4, '2016-08-05 05:00:00', 1),
(10, 8, 4, '2016-08-05 05:00:00', 1),
(11, 9, 1, '2016-08-05 05:00:00', 1),
(12, 10, 6, '2016-08-05 05:00:00', 1),
(13, 11, 8, '2016-08-05 05:00:00', 1),
(14, 12, 7, '2016-08-05 05:00:00', 1),
(15, 13, 8, '2016-08-05 05:00:00', 1),
(16, 15, 8, '2017-03-23 01:42:21', 1),
(17, 16, 8, '2017-03-23 01:42:21', 1),
(18, 17, 8, '2017-03-23 01:42:21', 1),
(19, 18, 8, '2017-03-23 01:42:21', 1),
(20, 19, 8, '2017-03-23 01:42:21', 1),
(21, 20, 8, '2017-03-23 01:42:21', 1),
(22, 21, 8, '2017-03-23 01:42:21', 1),
(23, 22, 8, '2017-03-23 01:42:21', 1),
(24, 23, 8, '2017-03-23 01:42:21', 1),
(25, 24, 8, '2017-03-23 01:42:21', 1),
(26, 25, 8, '2017-03-23 01:42:21', 1),
(27, 26, 8, '2017-03-23 01:42:21', 1),
(28, 27, 8, '2017-03-23 01:42:21', 1),
(29, 28, 8, '2017-03-23 01:42:21', 1),
(30, 29, 8, '2017-03-23 01:42:21', 1),
(31, 30, 8, '2017-03-23 01:42:21', 1),
(32, 31, 8, '2017-03-23 01:42:21', 1),
(33, 32, 8, '2017-03-23 01:42:21', 1),
(34, 33, 8, '2017-03-23 01:42:21', 1),
(35, 34, 8, '2017-03-23 01:42:21', 1),
(36, 35, 8, '2017-03-23 01:42:21', 1),
(37, 36, 8, '2017-03-23 01:42:21', 1),
(38, 37, 8, '2017-03-23 01:42:21', 1),
(39, 38, 8, '2017-03-23 01:42:21', 1),
(40, 39, 8, '2017-03-23 01:42:21', 1),
(41, 40, 8, '2017-03-23 01:42:21', 1),
(42, 41, 8, '2017-03-23 01:42:21', 1),
(43, 42, 8, '2017-03-23 01:42:21', 1),
(44, 43, 8, '2017-03-23 01:42:21', 1),
(45, 44, 8, '2017-03-23 01:42:21', 1),
(46, 45, 8, '2017-03-23 01:42:21', 1),
(47, 46, 8, '2017-03-23 01:42:21', 1),
(48, 47, 8, '2017-03-23 01:42:21', 1),
(49, 48, 8, '2017-03-23 01:42:21', 1),
(50, 49, 8, '2017-03-23 01:42:21', 1),
(51, 50, 8, '2017-03-23 01:42:21', 1),
(52, 51, 8, '2017-03-23 01:42:21', 1),
(53, 52, 8, '2017-03-23 01:42:21', 1),
(54, 53, 8, '2017-03-23 01:42:21', 1),
(55, 54, 8, '2017-03-23 01:42:21', 1),
(56, 55, 8, '2017-03-23 01:42:21', 1),
(57, 56, 8, '2017-03-23 01:42:21', 1),
(58, 57, 8, '2017-03-23 01:42:21', 1),
(59, 58, 8, '2017-03-23 01:42:21', 1),
(60, 59, 8, '2017-03-23 01:42:21', 1),
(61, 60, 8, '2017-03-23 01:42:21', 1),
(62, 61, 8, '2017-03-23 01:42:21', 1),
(63, 62, 8, '2017-03-23 01:42:21', 1),
(64, 63, 8, '2017-03-23 01:42:21', 1),
(65, 64, 8, '2017-03-23 01:42:21', 1),
(66, 65, 8, '2017-03-23 01:42:21', 1),
(67, 66, 8, '2017-03-23 01:42:21', 1),
(68, 67, 8, '2017-03-23 01:42:21', 1),
(69, 68, 8, '2017-03-23 01:42:21', 1),
(70, 69, 8, '2017-03-23 01:42:21', 1),
(71, 70, 8, '2017-03-23 01:42:21', 1),
(72, 71, 8, '2017-03-23 01:42:21', 1),
(73, 72, 8, '2017-03-23 01:42:21', 1),
(74, 73, 8, '2017-03-23 01:42:21', 1),
(75, 74, 8, '2017-03-23 01:42:21', 1),
(76, 75, 8, '2017-03-23 01:42:21', 1),
(77, 76, 8, '2017-03-23 01:42:21', 1),
(78, 77, 8, '2017-03-23 01:42:21', 1),
(79, 78, 8, '2017-03-23 01:42:21', 1),
(80, 79, 8, '2017-03-23 01:42:21', 1),
(81, 80, 8, '2017-03-23 01:42:21', 1),
(82, 81, 8, '2017-03-23 01:42:21', 1),
(83, 82, 8, '2017-03-23 01:42:21', 1),
(84, 83, 8, '2017-03-23 01:42:21', 1),
(85, 84, 8, '2017-03-23 01:42:21', 1),
(86, 85, 8, '2017-03-23 01:42:21', 1),
(87, 86, 8, '2017-03-23 01:42:21', 1),
(88, 87, 8, '2017-03-23 01:42:21', 1),
(89, 88, 8, '2017-03-23 01:42:21', 1),
(90, 89, 8, '2017-03-23 01:42:21', 1),
(91, 90, 8, '2017-03-23 01:42:21', 1),
(92, 91, 8, '2017-03-23 01:42:21', 1),
(93, 92, 8, '2017-03-23 01:42:21', 1),
(94, 93, 8, '2017-03-23 01:42:21', 1),
(95, 94, 8, '2017-03-23 01:42:21', 1),
(96, 95, 8, '2017-03-23 01:42:21', 1),
(97, 96, 8, '2017-03-23 01:42:21', 1),
(98, 97, 7, '2017-05-19 16:25:51', 1),
(99, 98, 7, '2017-05-19 16:25:51', 1),
(100, 99, 7, '2017-05-19 16:25:51', 1),
(101, 100, 7, '2017-05-19 16:25:51', 1),
(102, 101, 7, '2017-05-19 16:25:51', 1),
(103, 102, 7, '2017-05-19 16:25:51', 1),
(104, 103, 7, '2017-05-19 16:25:51', 1),
(105, 104, 7, '2017-05-19 16:25:51', 1),
(106, 105, 7, '2017-05-19 16:25:51', 1),
(107, 106, 7, '2017-05-19 16:25:51', 1),
(108, 107, 7, '2017-05-19 16:25:51', 1),
(109, 108, 7, '2017-05-31 20:51:32', 1),
(110, 109, 7, '2017-06-01 18:08:40', 1),
(111, 110, 7, '2017-08-23 17:17:38', 1),
(112, 111, 7, '2017-08-23 19:05:21', 1),
(113, 112, 7, '2017-08-24 18:13:36', 1),
(114, 113, 7, '2017-08-24 18:14:46', 1),
(115, 114, 7, '2017-08-24 18:16:14', 1),
(116, 115, 7, '2017-08-24 19:46:57', 1),
(117, 116, 7, '2017-08-24 19:51:57', 1),
(118, 117, 7, '2017-08-24 20:02:49', 1),
(119, 118, 7, '2017-08-24 20:03:35', 1),
(120, 119, 7, '2017-08-24 20:04:05', 1),
(121, 120, 7, '2017-08-25 18:42:49', 1);

-- --------------------------------------------------------

--
-- Estructura de tabla para la tabla `rolinvolucrado`
--

CREATE TABLE IF NOT EXISTS `rolinvolucrado` (
  `id` int(11) NOT NULL AUTO_INCREMENT COMMENT 'id del rol de involucrado ',
  `tipo` varchar(45) DEFAULT NULL COMMENT 'tipo o rol de los involucrados en la demanda:\n1.- demandado\n2.- demandante\n3.- involucrado',
  PRIMARY KEY (`id`),
  UNIQUE KEY `id_UNIQUE` (`id`)
) ENGINE=InnoDB  DEFAULT CHARSET=utf8 AUTO_INCREMENT=4 ;

--
-- Volcado de datos para la tabla `rolinvolucrado`
--

INSERT INTO `rolinvolucrado` (`id`, `tipo`) VALUES
(1, 'Demandado'),
(2, 'Demandante'),
(3, 'Involucrado');

-- --------------------------------------------------------

--
-- Estructura de tabla para la tabla `secretariaacuerdos`
--

CREATE TABLE IF NOT EXISTS `secretariaacuerdos` (
  `id` int(11) NOT NULL AUTO_INCREMENT,
  `id_TA` int(11) NOT NULL COMMENT 'id del Tipo de Acuerdo',
  `id_Exp` int(11) NOT NULL,
  `id_ASA` int(11) NOT NULL COMMENT 'Es el documento anexo al expediente que contesta a la promoción que ingresa al expediente, realizado por el secretario de acuerdos.',
  `Fecha` datetime DEFAULT NULL,
  `Status` int(11) DEFAULT NULL COMMENT 'Borrado lógico\n1:Activo\n0:Desactivado',
  `Comentarios` longtext COMMENT 'Define un resumen del acuerdo realizado',
  PRIMARY KEY (`id`),
  UNIQUE KEY `id_UNIQUE` (`id`),
  KEY `fk_AnexoPDF_has_AnexoPDF_AnexoPDF2_idx` (`id_ASA`),
  KEY `fk_SecretariaAcuerdos_Acuerdos1_idx` (`id_TA`),
  KEY `fk_SecretariaAcuerdos_Expediente1_idx` (`id_Exp`)
) ENGINE=InnoDB DEFAULT CHARSET=utf8 AUTO_INCREMENT=1 ;

-- --------------------------------------------------------

--
-- Estructura de tabla para la tabla `seguimiento`
--

CREATE TABLE IF NOT EXISTS `seguimiento` (
  `id` int(11) NOT NULL AUTO_INCREMENT COMMENT 'Control de tabla',
  `fechasis` timestamp NULL DEFAULT CURRENT_TIMESTAMP COMMENT 'Checkpoint determina la fecha y hora del movimiento realizado, lo toma directamente del servidor',
  `idmodulo` int(11) NOT NULL COMMENT 'Modulo para identificar en que proceso se encuentra la demanda',
  `id_op` int(11) NOT NULL COMMENT 'Id de la persona que realiza la movimiento',
  `mov` varchar(45) DEFAULT NULL,
  `idExpediente` int(11) NOT NULL COMMENT 'Expediente creado',
  `id_Tseguimiento` int(11) NOT NULL COMMENT 'Status\n0.- Ingresado, en espera…\n1.- Validando por Secretario de Acuerdo\n2.- Solicitud de promoción faltante.\n3.- Solicitud de Alegatos.\n4.- Enviado a Proyectista.\n5.- En elaboración de proyecto.\n6.- Proyecto elaborado, en espera de sentencia.\n7.- Sentencia.',
  `Fecha` datetime NOT NULL COMMENT 'Fecha y hora del seguimiento.',
  `AnexoPDF_id` int(11) DEFAULT NULL COMMENT 'Folio del documento agregado al expediente <secuencia del tramite>',
  `FechaVisto` datetime DEFAULT NULL,
  `Comentarios` longtext COMMENT 'Resumen referente al status de este seguimiento',
  `Status1` int(11) NOT NULL COMMENT 'Borrado lógico.\n0: Borrado\n1: Activo\n',
  PRIMARY KEY (`id`),
  UNIQUE KEY `idSeguimiento_UNIQUE` (`id`),
  KEY `fk_Seguimiento_Expediente1_idx` (`idExpediente`),
  KEY `fk_Seguimiento_AnexoPDF1_idx` (`AnexoPDF_id`),
  KEY `fk_Seguimiento_TipoSeguimiento1_idx` (`id_Tseguimiento`),
  KEY `fk_Seguimiento_Modulo1_idx` (`idmodulo`),
  KEY `fk_Seguimiento_Persona1_idx` (`id_op`)
) ENGINE=InnoDB  DEFAULT CHARSET=utf8 AUTO_INCREMENT=20 ;

--
-- Volcado de datos para la tabla `seguimiento`
--

INSERT INTO `seguimiento` (`id`, `fechasis`, `idmodulo`, `id_op`, `mov`, `idExpediente`, `id_Tseguimiento`, `Fecha`, `AnexoPDF_id`, `FechaVisto`, `Comentarios`, `Status1`) VALUES
(1, '2017-08-31 22:43:31', 2, 12, 'Entrada', 1, 2, '2017-08-31 22:43:31', 1, NULL, 'La demanda contiene sobre...', 0),
(2, '2017-08-31 22:44:26', 2, 2, 'Salida', 1, 4, '2017-08-31 00:00:00', NULL, NULL, NULL, 0),
(3, '2017-08-31 22:44:26', 3, 3, 'Entrada', 1, 4, '2017-08-31 00:00:00', NULL, NULL, 'La demanda contra...', 0),
(4, '2017-08-31 22:46:09', 3, 3, 'insitu', 1, 16, '1970-01-01 00:00:00', 2, NULL, 'Se admite la demanda...', 0),
(5, '2017-08-31 22:46:23', 3, 3, 'Salida', 1, 8, '1970-01-01 00:00:00', NULL, NULL, NULL, 0),
(6, '2017-08-31 22:46:23', 4, 5, 'Entrada', 1, 8, '1970-01-01 00:00:00', NULL, NULL, NULL, 0),
(7, '2017-08-31 22:47:26', 4, 5, 'insitu', 1, 16, '1970-01-01 00:00:00', 3, NULL, 'Se notifica  a los involucrados...', 0),
(8, '2017-08-31 22:49:37', 3, 3, 'insitu', 1, 16, '1970-01-01 00:00:00', 4, NULL, 'Se turna al proyectista ...', 0),
(9, '2017-08-31 22:49:49', 3, 3, 'Salida', 1, 12, '1970-01-01 00:00:00', NULL, NULL, NULL, 0),
(10, '2017-08-31 22:49:49', 5, 7, 'Entrada', 1, 12, '1970-01-01 00:00:00', NULL, NULL, NULL, 0),
(11, '2017-09-01 01:56:10', 2, 1, 'Entrada', 2, 2, '2017-09-01 01:56:10', 5, NULL, 'Contra la SEP, se inicia...', 0),
(12, '2017-09-01 01:57:23', 8, 1, 'insitu', 2, 16, '1970-01-01 00:00:00', 6, NULL, NULL, 0),
(13, '2017-09-01 01:59:19', 2, 2, 'Salida', 2, 4, '1970-01-01 00:00:00', NULL, NULL, NULL, 0),
(14, '2017-09-01 01:59:19', 3, 4, 'Entrada', 2, 4, '1970-01-01 00:00:00', NULL, NULL, 'se envia,...', 0),
(15, '2017-09-01 02:00:45', 3, 4, 'insitu', 2, 16, '1970-01-01 00:00:00', 7, NULL, 'por falta de ...', 0),
(16, '2017-09-01 02:01:14', 3, 4, 'Salida', 2, 8, '1970-01-01 00:00:00', NULL, NULL, NULL, 0),
(17, '2017-09-01 02:01:14', 4, 5, 'Entrada', 2, 8, '1970-01-01 00:00:00', NULL, NULL, NULL, 0),
(18, '2017-09-01 02:03:03', 4, 5, 'insitu', 2, 16, '1970-01-01 00:00:00', 8, NULL, 'Se notifica que fue desechada...', 0),
(19, '2017-09-01 02:22:30', 2, 12, 'Entrada', 3, 2, '2017-09-01 02:22:30', 9, NULL, 'Establece....', 0);

-- --------------------------------------------------------

--
-- Estructura de tabla para la tabla `tipo`
--

CREATE TABLE IF NOT EXISTS `tipo` (
  `IdTipo` int(11) NOT NULL AUTO_INCREMENT,
  `Tipo` varchar(45) NOT NULL,
  PRIMARY KEY (`IdTipo`),
  UNIQUE KEY `idPromo_UNIQUE` (`IdTipo`)
) ENGINE=InnoDB  DEFAULT CHARSET=utf8 AUTO_INCREMENT=20 ;

--
-- Volcado de datos para la tabla `tipo`
--

INSERT INTO `tipo` (`IdTipo`, `Tipo`) VALUES
(1, '	 Promoción	'),
(2, '	 Escritura Pública	'),
(3, '	 Demanda	'),
(4, '	 Nombramiento	'),
(5, '	 Recibo de Nómina	'),
(6, '	 Resolución	'),
(7, '	 Boleta de Infracción	'),
(8, '	 Copia Certificada	'),
(9, '	 Expediente	'),
(10, '	 Constancia de Notificación	'),
(11, '	 Oficio	'),
(12, '	 Concesión	'),
(13, '	 Acuerdo	'),
(14, '	 Sentencia	'),
(15, '	 Comprobante de registro de Alta en el siste'),
(16, '	 Proyecto	'),
(17, '	 Poder para Pleitos y Cobranzas	'),
(18, '	 Amparo	'),
(19, '	 Otros.	');

-- --------------------------------------------------------

--
-- Estructura de tabla para la tabla `tipodesecha`
--

CREATE TABLE IF NOT EXISTS `tipodesecha` (
  `id` int(11) NOT NULL AUTO_INCREMENT,
  `Tipo` longtext COMMENT '1.-Desistir\n2.-Incompetencia\n3.-Falta de requerimientos',
  PRIMARY KEY (`id`),
  UNIQUE KEY `id_UNIQUE` (`id`)
) ENGINE=InnoDB  DEFAULT CHARSET=utf8 AUTO_INCREMENT=4 ;

--
-- Volcado de datos para la tabla `tipodesecha`
--

INSERT INTO `tipodesecha` (`id`, `Tipo`) VALUES
(1, 'Desistir'),
(2, 'Incompetencia'),
(3, 'Falta requerimientos');

-- --------------------------------------------------------

--
-- Estructura de tabla para la tabla `tiposeguimiento`
--

CREATE TABLE IF NOT EXISTS `tiposeguimiento` (
  `Id_Ts` int(11) NOT NULL AUTO_INCREMENT,
  `Tipo` longtext COMMENT 'Es el movimiento que lleva el seguimiento',
  PRIMARY KEY (`Id_Ts`),
  UNIQUE KEY `Id_Ts_UNIQUE` (`Id_Ts`)
) ENGINE=InnoDB  DEFAULT CHARSET=utf8 AUTO_INCREMENT=17 ;

--
-- Volcado de datos para la tabla `tiposeguimiento`
--

INSERT INTO `tiposeguimiento` (`Id_Ts`, `Tipo`) VALUES
(1, 'Indefinido	'),
(2, 'Demanda creada'),
(3, 'Validado por el Oficial de Partes'),
(4, 'Se turna el expediente al Secretario de Acuerdo'),
(5, 'El expediente se desecha por incompetencia, por lo cual se turna a la autoridad competente '),
(6, 'El expediente se desecha art. 31'),
(7, 'El expediente se admite'),
(8, 'Se turna al Actuario para su notificación'),
(9, 'Se envía notificación'),
(10, 'Se agrega promoción al expediente'),
(11, 'Se rechaza la promoción'),
(12, 'Se turna a proyectista para elaboración del proyecto'),
(13, 'En elaboración de proyecto'),
(14, 'Proyecto elaborado, en espera de sentencia'),
(15, 'Sentencia'),
(16, 'Se agrego documento');

-- --------------------------------------------------------

--
-- Estructura de tabla para la tabla `turnarsentencia`
--

CREATE TABLE IF NOT EXISTS `turnarsentencia` (
  `id` int(11) NOT NULL AUTO_INCREMENT,
  `id_exp` int(11) NOT NULL COMMENT 'id del expediente',
  `id_proy` int(11) NOT NULL COMMENT 'id del proyectista',
  `fecha` datetime DEFAULT NULL COMMENT 'fecha en que el secretario de acuerdo turna al Proyectista para que éste realice el proyecto',
  `feschasis` timestamp NULL DEFAULT CURRENT_TIMESTAMP COMMENT 'fecha del sistema creado',
  `status` int(11) DEFAULT NULL COMMENT 'Borrado lógico\n1: activo\n0: desactivado',
  PRIMARY KEY (`id`),
  UNIQUE KEY `id_UNIQUE` (`id`),
  KEY `fk_turnarsentencia_Expediente1_idx` (`id_exp`),
  KEY `fk_turnarsentencia_Persona1_idx` (`id_proy`)
) ENGINE=InnoDB DEFAULT CHARSET=utf8 AUTO_INCREMENT=1 ;

--
-- Restricciones para tablas volcadas
--

--
-- Filtros para la tabla `admision`
--
ALTER TABLE `admision`
  ADD CONSTRAINT `fk_admision_Expediente1` FOREIGN KEY (`id_exp`) REFERENCES `expediente` (`Id`) ON DELETE NO ACTION ON UPDATE NO ACTION,
  ADD CONSTRAINT `fk_admision_Persona1` FOREIGN KEY (`id_op`) REFERENCES `persona` (`id`) ON DELETE NO ACTION ON UPDATE NO ACTION;

--
-- Filtros para la tabla `desechado`
--
ALTER TABLE `desechado`
  ADD CONSTRAINT `fk_desechado_Expediente1` FOREIGN KEY (`id_exp`) REFERENCES `expediente` (`Id`) ON DELETE NO ACTION ON UPDATE NO ACTION,
  ADD CONSTRAINT `fk_desechado_Persona1` FOREIGN KEY (`id_op`) REFERENCES `persona` (`id`) ON DELETE NO ACTION ON UPDATE NO ACTION,
  ADD CONSTRAINT `fk_desechado_tipodesecha1` FOREIGN KEY (`tdesecha`) REFERENCES `tipodesecha` (`id`) ON DELETE NO ACTION ON UPDATE NO ACTION;

--
-- Filtros para la tabla `domicilio`
--
ALTER TABLE `domicilio`
  ADD CONSTRAINT `fk_Domicilio_Persona1` FOREIGN KEY (`id_Persona`) REFERENCES `persona` (`id`) ON DELETE NO ACTION ON UPDATE NO ACTION;

--
-- Filtros para la tabla `enviasa`
--
ALTER TABLE `enviasa`
  ADD CONSTRAINT `fk_EnviaSA_Expediente1` FOREIGN KEY (`id_Exp`) REFERENCES `expediente` (`Id`) ON DELETE NO ACTION ON UPDATE NO ACTION;

--
-- Filtros para la tabla `expediente`
--
ALTER TABLE `expediente`
  ADD CONSTRAINT `fk_Expediente_Persona1` FOREIGN KEY (`id_Persona`) REFERENCES `persona` (`id`) ON DELETE NO ACTION ON UPDATE NO ACTION,
  ADD CONSTRAINT `fk_Expediente_Persona2` FOREIGN KEY (`id_Ppresenta`) REFERENCES `persona` (`id`) ON DELETE NO ACTION ON UPDATE NO ACTION;

--
-- Filtros para la tabla `extension`
--
ALTER TABLE `extension`
  ADD CONSTRAINT `fk_extension_Expediente1` FOREIGN KEY (`id_exp`) REFERENCES `expediente` (`Id`) ON DELETE NO ACTION ON UPDATE NO ACTION,
  ADD CONSTRAINT `fk_extension_Persona1` FOREIGN KEY (`id_op`) REFERENCES `persona` (`id`) ON DELETE NO ACTION ON UPDATE NO ACTION;

--
-- Filtros para la tabla `involucrados`
--
ALTER TABLE `involucrados`
  ADD CONSTRAINT `fk_involucrados_Expediente1` FOREIGN KEY (`id_exp`) REFERENCES `expediente` (`Id`) ON DELETE NO ACTION ON UPDATE NO ACTION,
  ADD CONSTRAINT `fk_involucrados_Persona1` FOREIGN KEY (`id_persona`) REFERENCES `persona` (`id`) ON DELETE NO ACTION ON UPDATE NO ACTION,
  ADD CONSTRAINT `fk_involucrados_rolinvolucrado1` FOREIGN KEY (`id_tiporol`) REFERENCES `rolinvolucrado` (`id`) ON DELETE NO ACTION ON UPDATE NO ACTION;

--
-- Filtros para la tabla `notificacion`
--
ALTER TABLE `notificacion`
  ADD CONSTRAINT `fk_autoriza_AnexoPDF1` FOREIGN KEY (`id_anexo`) REFERENCES `anexopdf` (`id`) ON DELETE NO ACTION ON UPDATE NO ACTION,
  ADD CONSTRAINT `fk_autoriza_Expediente1` FOREIGN KEY (`id_exp`) REFERENCES `expediente` (`Id`) ON DELETE NO ACTION ON UPDATE NO ACTION,
  ADD CONSTRAINT `fk_autoriza_Persona1` FOREIGN KEY (`id_ac`) REFERENCES `persona` (`id`) ON DELETE NO ACTION ON UPDATE NO ACTION,
  ADD CONSTRAINT `fk_autoriza_Persona2` FOREIGN KEY (`id_destper`) REFERENCES `persona` (`id`) ON DELETE NO ACTION ON UPDATE NO ACTION;

--
-- Filtros para la tabla `promocion`
--
ALTER TABLE `promocion`
  ADD CONSTRAINT `fk_Persona_has_Expediente_Expediente1` FOREIGN KEY (`id_Expediente`) REFERENCES `expediente` (`Id`) ON DELETE NO ACTION ON UPDATE NO ACTION,
  ADD CONSTRAINT `fk_Promocion_AnexoPDF1` FOREIGN KEY (`id_Anexopdf`) REFERENCES `anexopdf` (`id`) ON DELETE NO ACTION ON UPDATE NO ACTION,
  ADD CONSTRAINT `fk_Redacta_Persona1` FOREIGN KEY (`id_Pcrea`) REFERENCES `persona` (`id`) ON DELETE NO ACTION ON UPDATE NO ACTION;

--
-- Filtros para la tabla `relacionpersona`
--
ALTER TABLE `relacionpersona`
  ADD CONSTRAINT `fk_Persona_has_Persona_Persona1` FOREIGN KEY (`id_Persona`) REFERENCES `persona` (`id`) ON DELETE NO ACTION ON UPDATE NO ACTION,
  ADD CONSTRAINT `fk_Persona_has_Persona_Persona2` FOREIGN KEY (`id_Representante`) REFERENCES `persona` (`id`) ON DELETE NO ACTION ON UPDATE NO ACTION;

--
-- Filtros para la tabla `rolesperiodo`
--
ALTER TABLE `rolesperiodo`
  ADD CONSTRAINT `fk_Personas_has_Roles_Personas` FOREIGN KEY (`idPersona`) REFERENCES `persona` (`id`) ON DELETE NO ACTION ON UPDATE NO ACTION,
  ADD CONSTRAINT `fk_Personas_has_Roles_Roles1` FOREIGN KEY (`idRoles`) REFERENCES `rol` (`idRoles`) ON DELETE NO ACTION ON UPDATE NO ACTION;

--
-- Filtros para la tabla `secretariaacuerdos`
--
ALTER TABLE `secretariaacuerdos`
  ADD CONSTRAINT `fk_AnexoPDF_has_AnexoPDF_AnexoPDF2` FOREIGN KEY (`id_ASA`) REFERENCES `anexopdf` (`id`) ON DELETE NO ACTION ON UPDATE NO ACTION,
  ADD CONSTRAINT `fk_SecretariaAcuerdos_Acuerdos1` FOREIGN KEY (`id_TA`) REFERENCES `acuerdotipo` (`id`) ON DELETE NO ACTION ON UPDATE NO ACTION,
  ADD CONSTRAINT `fk_SecretariaAcuerdos_Expediente1` FOREIGN KEY (`id_Exp`) REFERENCES `expediente` (`Id`) ON DELETE NO ACTION ON UPDATE NO ACTION;

--
-- Filtros para la tabla `seguimiento`
--
ALTER TABLE `seguimiento`
  ADD CONSTRAINT `fk_Seguimiento_AnexoPDF1` FOREIGN KEY (`AnexoPDF_id`) REFERENCES `anexopdf` (`id`) ON DELETE NO ACTION ON UPDATE NO ACTION,
  ADD CONSTRAINT `fk_Seguimiento_Expediente1` FOREIGN KEY (`idExpediente`) REFERENCES `expediente` (`Id`) ON DELETE NO ACTION ON UPDATE NO ACTION,
  ADD CONSTRAINT `fk_Seguimiento_Modulo1` FOREIGN KEY (`idmodulo`) REFERENCES `modulo` (`idmodulo`) ON DELETE NO ACTION ON UPDATE NO ACTION,
  ADD CONSTRAINT `fk_Seguimiento_Persona1` FOREIGN KEY (`id_op`) REFERENCES `persona` (`id`) ON DELETE NO ACTION ON UPDATE NO ACTION,
  ADD CONSTRAINT `fk_Seguimiento_TipoSeguimiento1` FOREIGN KEY (`id_Tseguimiento`) REFERENCES `tiposeguimiento` (`Id_Ts`) ON DELETE NO ACTION ON UPDATE NO ACTION;

--
-- Filtros para la tabla `turnarsentencia`
--
ALTER TABLE `turnarsentencia`
  ADD CONSTRAINT `fk_turnarsentencia_Expediente1` FOREIGN KEY (`id_exp`) REFERENCES `expediente` (`Id`) ON DELETE NO ACTION ON UPDATE NO ACTION,
  ADD CONSTRAINT `fk_turnarsentencia_Persona1` FOREIGN KEY (`id_proy`) REFERENCES `persona` (`id`) ON DELETE NO ACTION ON UPDATE NO ACTION;

/*!40101 SET CHARACTER_SET_CLIENT=@OLD_CHARACTER_SET_CLIENT */;
/*!40101 SET CHARACTER_SET_RESULTS=@OLD_CHARACTER_SET_RESULTS */;
/*!40101 SET COLLATION_CONNECTION=@OLD_COLLATION_CONNECTION */;
